"AID,A,10","AISTITLE,L,1","HEADING1,A,40","HEADING2,A,40","ASECONDID,A,10","AFREE,A,40","ACAT,A,3","AINTCAT,A,10","ACATCOMM,A,1","ADBCD,A,1","AISCOST,L,1","AVATTYPE,A,1","AVATENAT1,A,3","AVATENAT2,A,3","AVATECMP,N,8","AVATNNAT1,A,3","AVATNNAT2,A,3","AVATNCMP,N,8","AVATINAT1,A,3","AVATINAT2,A,3","AVATICMP,N,8","AISSUMMARY,L,1","AISSTATUS,L,1","AISREADONL,L,1","AISSECRET,L,1","VTRAVFA,L,1","AISMATCH,L,1","DEPACC,A,10","PROVACC,A,10","HISINTRASTAT,L,1","AMATCHNO,I,4","ABALANCE,A,10","AREM,A,35","AVATCAS,L,1","ACCTSECONDID,L,1","AMEMO,M,11","CREATEDATE,@,8","MODIFYDATE,@,8","AUTHOR,A,10","PRCNDCHARGES,N,8","PRCPRIVATE,N,8","COSTRDEP,L,1","COST_DEP,A,8","COSTRPROD,L,1","COST_PROD,A,10","COSTRPROJ,L,1","COST_PROJ,A,8","TYPENDCHARGES,A,3","CREATEDBY,A,10","CREATEDON,@,8","MODIFIEDBY,A,10","MODIFIEDON,@,8","TRFTSTATUS,A,3","STATIONID,A,3","AFIXTYPE,A,10","ASLEEPING,L,1","DISCADVNOT,L,1"
1,1,CPTES DE FONDS PROPRES + 1AN,,,,,,,,0,,,,,,,,,,,0,0,1,0,0,0,,,0,,LIABILIT,,0,0,,1998-12-26 14:06:24,2004-04-01 13:55:10,NEURAY,,,0,,0,,0,,,,,SCHILS,2007-05-15 12:30:36,M,,,0,0
10,1,CAPITAL,,,,,,,,0,,,,,,,,,,,0,0,0,0,0,0,,,0,,LIABILIT,,0,0,,1998-12-26 14:06:24,1998-12-26 14:06:24,NEURAY,,,0,,0,,0,,,,,SCHILS,2007-03-02 10:25:58,M,,,0,0
100000,0,AVOIR SOCIAL,,,,,,,,0,,,,,,,,,,,0,0,0,0,0,1,,,0,1,LIABILIT,ASSIMILE AU CAPITAL,0,0,,1998-12-26 14:06:24,1998-12-26 14:06:24,NEURAY,,,0,,0,,0,,,,,SCHILS,2007-03-02 10:25:58,M,,,0,0
11,1,PRIMES D'EMISSION,,,,,,,,0,,,,,,,,,,,0,0,0,0,0,0,,,0,,LIABILIT,,0,0,,1998-12-26 14:06:24,1998-12-26 14:06:24,NEURAY,,,0,,0,,0,,,,,SCHILS,2007-03-02 10:25:58,M,,,0,0
12,1,PLUS-VALUES DE REEVALUATION,,,,,,,,0,,,,,,,,,,,0,0,0,0,0,0,,,0,,LIABILIT,,0,0,,1998-12-26 14:06:24,1998-12-26 14:06:24,NEURAY,,,0,,0,,0,,,,,SCHILS,2007-03-02 10:25:58,M,,,0,0
13,1,RESERVES,,,,,,,,0,,,,,,,,,,,0,0,0,0,0,0,,,0,,LIABILIT,,0,0,,1998-12-26 14:06:24,1998-12-26 14:06:24,NEURAY,,,0,,0,,0,,,,,SCHILS,2007-03-02 10:25:58,M,,,0,0
130000,0,RESERVES,,,,,,,C,0,,,,,,,,,,,0,0,0,0,0,1,,,0,2,LIABILIT,RESERVES DIVERSES,0,0,,1998-12-26 14:06:24,1998-12-26 14:06:24,NEURAY,,,0,,0,,0,,,,,SCHILS,2007-03-02 10:25:58,M,,,0,0
14,1,BENEFICE/PERTE REPORTE,,,,,,,C,0,,,,,,,,,,,0,0,0,0,0,0,,,0,,LIABILIT,,0,0,,1998-12-26 14:06:24,1998-12-26 14:06:24,NEURAY,,,0,,0,,0,,,,,SCHILS,2007-03-02 10:25:58,M,,,0,0
140000,0,BENEFICE REPORTE,,,,,DEFAULT,,C,0,,,,,,,,,,,0,0,0,0,0,1,,,0,2,LIABILIT,,0,0,,1998-12-26 14:06:24,2004-02-11 13:45:37,NEURAY,,,0,,0,,0,,,,,SCHILS,2007-11-07 08:23:29,M,,,0,0
141000,0,PERTE REPORTEE,,,,,DEFAULT,,,0,,,,,,,,,,,0,0,0,0,0,0,,,0,,,,0,0,,2004-02-09 15:01:29,2004-02-11 13:45:52,SCHILS,,,0,,0,,0,,,,,SCHILS,2007-11-07 08:23:29,M,,,0,0
15,1,SUBSIDES RECUS EN CAPITAL,,,,,,,,0,,,,,,,,,,,0,0,0,0,0,0,,,0,,LIABILIT,,0,0,,1998-12-26 14:06:24,1998-12-26 14:06:24,NEURAY,,,0,,0,,0,,,,,SCHILS,2007-03-02 10:25:58,M,,,0,0
16,1,PROV. POUR RISQUES ET CHARGES,,,,,,,,0,,,,,,,,,,,0,0,0,0,0,0,,,0,,LIABILIT,,0,0,,1998-12-26 14:06:24,1998-12-26 14:06:24,NEURAY,,,0,,0,,0,,,,,SCHILS,2007-03-02 10:25:58,M,,,0,0
161000,0,PROV PR CHARGES FISCALES,,,,,,,C,0,,,,,,,,,,,0,0,0,0,0,1,,,0,2,LIABILIT,,0,0,,1998-12-26 14:06:24,1998-12-26 14:06:24,NEURAY,,,0,,0,,0,,,,,SCHILS,2007-03-02 10:25:58,M,,,0,0
162000,0,"PROV PR REPARAT°,AMENAGT...",,,,,,,C,0,,,,,,,,,,,0,0,0,0,0,1,,,0,3,LIABILIT,,0,0,,1998-12-26 14:06:24,1998-12-26 14:06:24,NEURAY,,,0,,0,,0,,,,,SCHILS,2007-03-02 10:25:58,M,,,0,0
163000,0,PROV PR RISQUES & CHARGES,,,,,,,C,0,,,,,,,,,,,0,0,0,0,0,1,,,0,89,LIABILIT,,0,0,,1998-12-26 14:06:24,1998-12-26 14:06:24,NEURAY,,,0,,0,,0,,,,,SCHILS,2007-06-26 08:45:35,M,,,0,0
165000,0,PROV PR CREANCES DOUTEUSES,,,,,,,C,0,,,,,,,,,,,0,0,1,0,0,1,,,0,1,LIABILIT,Mettre sur 409000,0,0,,1998-12-26 14:06:24,1998-12-26 14:06:24,NEURAY,,,0,,0,,0,,,,,SCHILS,2007-03-02 10:25:58,M,,,0,0
17,1,DETTES DE PLUS D'UN AN,,,,,,,,0,,,,,,,,,,,0,0,0,0,0,0,,,0,,LIABILIT,,0,0,,1998-12-26 14:06:24,1998-12-26 14:06:24,NEURAY,,,0,,0,,0,,,,,SCHILS,2007-03-02 10:25:58,M,,,0,0
172000,0,Financement Renault PVDM,,,,,,,,0,,,,,,,,,,,1,0,0,0,0,1,,,0,5,ASSETS,,1,0,,2003-05-22 11:50:52,2004-02-11 13:47:11,NEURAY,,,0,,0,,0,,,,,SCHILS,2008-01-08 09:28:43,M,,,0,0
172004,0,Financement Audi (MP),,,,,,,,0,,,,,,,,,,,0,0,0,0,0,1,,,0,4,,,0,0,,,,,,,0,,0,,0,,,SCHILS,2005-08-17 14:32:24,NEURAY,2007-05-14 16:52:14,A,000,,0,0
172100,0,Financement BMW (JML),,,,,,,,0,,,,,,,,,,,1,0,0,0,0,1,,,0,5,ASSETS,,0,0,,2003-05-22 11:57:46,2004-02-13 14:02:29,NEURAY,,,0,,0,,0,,,,,NEURAY,2007-05-14 16:52:14,M,,,0,0
172200,0,Financement ING Renault Esp (PN),,,,,,,,0,,,,,,,,,,,0,0,0,0,0,1,,,0,88,ASSETS,,0,0,,2003-07-18 16:24:50,2004-02-13 14:02:34,NEURAY,,,0,,0,,0,,,,,NEURAY,2007-05-14 16:52:14,M,,,0,0
172300,0,Financement  Golf GS,,,,,,,,0,,,,,,,,,,,0,0,0,0,0,1,,,0,90,,,0,0,,2003-07-18 16:26:05,2004-02-13 14:02:38,NEURAY,,,0,,0,,0,,,,,SCHILS,2007-07-30 15:29:38,M,,,0,0
172400,0,Financement Renault (PO),,,,,,,,0,,,,,,,,,,,0,0,0,0,0,1,,,0,90,ASSETS,,0,0,,2004-02-11 13:49:05,2004-02-13 14:02:42,SCHILS,,,0,,0,,0,,,,,NEURAY,2007-05-14 16:52:14,M,,,0,0
172500,0,Financement Alpha (XC),,,,,,,,0,,,,,,,,,,,0,0,0,0,0,0,,,0,,ASSETS,,0,0,,2004-02-11 13:50:04,2004-02-13 14:02:47,SCHILS,,,0,,0,,0,,,,,SCHILS,2007-03-02 10:25:58,M,,,0,0
172600,0,Financement VW Polo (EF),,,,,,,,0,,,,,,,,,,,0,0,0,0,0,1,,,0,5,ASSETS,,0,0,,2004-02-11 13:51:23,2004-02-13 14:02:52,SCHILS,,,0,,0,,0,,,,,NEURAY,2007-05-14 16:52:14,M,,,0,0
172700,0,Financement peugeot SG,,,,,,,,0,,,,,,,,,,,0,0,0,0,0,0,,,0,,,,0,0,,,,,,,0,,0,,0,,,SCHILS,2004-11-05 13:11:01,SCHILS,2007-03-02 10:25:58,A,000,,0,0
172800,0,Financement Véhicules COMMER,,,,,,,,0,,,,,,,,,,,0,0,0,0,0,1,,,0,2,,,0,0,,,,,,,0,,0,,0,,,SCHILS,2005-02-08 14:44:43,SCHILS,2008-01-10 15:52:46,A,000,,0,0
173300,0,Financement Renault (PO),,,,,,,,0,,,,,,,,,,,0,0,0,0,0,1,,,0,2,,,0,0,,,,,,,0,,0,,0,,,SCHILS,2004-08-30 12:25:42,SCHILS,2007-03-02 10:25:58,A,000,,0,0
2,1,"FRAIS ETABLIS., CREANCES + 1AN",,,,,,,,0,,,,,,,,,,,0,0,0,0,0,0,,,0,,ASSETS,,0,0,,1998-12-26 14:06:24,1998-12-26 14:06:24,NEURAY,,,0,,0,,0,,,,,SCHILS,2007-03-02 10:25:58,M,,,0,0
20,1,FRAIS D'ETABLISSEMENT,,,,,,,,0,,,,,,,,,,,0,0,0,0,0,0,,,0,,ASSETS,,0,0,,1998-12-26 14:06:24,1998-12-26 14:06:24,NEURAY,,,0,,0,,0,,,,,SCHILS,2007-03-02 10:25:58,M,,,0,0
200000,0,FRAIS D'ETABLISSEMENT,,,,,,,D,0,,,,,,,,,,,0,0,0,0,0,1,200009,630200,0,2,FXASSETS,,0,0,,1998-12-26 14:06:24,1998-12-26 14:06:24,NEURAY,,,0,,0,,0,,,,,SCHILS,2007-03-02 10:25:58,M,,,0,0
200009,0,AMORT S/FR D'ETABLIS,,,,,,,C,0,,,,,,,,,,,0,0,0,0,0,1,,,0,2,ASSETS,AMORT. ACTES SUR FRAIS D'ETABL,0,0,,1998-12-26 14:06:24,1998-12-26 14:06:24,NEURAY,,,0,,0,,0,,,,,SCHILS,2007-03-02 10:25:58,M,,,0,0
21,1,IMMOBILISATIONS INCORPORELLES,,,,,,,,0,,,,,,,,,,,0,0,0,0,0,0,,,0,,ASSETS,,0,0,,1998-12-26 14:06:24,1998-12-26 14:06:24,NEURAY,,,0,,0,,0,,,,,SCHILS,2007-03-02 10:25:58,M,,,0,0
211000,0,Immob incorporelles logiciels,,,,,,,,1,,,,,,,,,,,0,0,0,0,0,0,211009,630200,0,1,FXASSETS,,0,0,,,,,,,1,,1,,1,,,SCHILS,2006-05-11 11:21:05,SCHILS,2008-05-19 16:34:45,A,000,,0,0
211009,0,AMORT S/IMMOB INCORPORELLES,,,,,,,,0,,,,,,,,,,,0,0,0,0,0,0,,,0,1,ASSETS,,0,0,,,,,,,0,,0,,0,,,SCHILS,2006-05-11 11:21:25,SCHILS,2007-03-02 10:25:58,A,000,,0,0
212000,0,MISSIONS FCCIB-RC,,,,,,,,1,,,,,,,,,,,0,0,0,0,0,1,212109,630200,0,2,FXASSETS,,0,0,,,,,,,1,,1,,1,,,SCHILS,2004-08-30 11:50:44,SCHILS,2008-05-19 16:34:45,A,000,,0,0
212009,0,AMORT S/ACCREDITATION,,,,,,,,0,,,,,,,,,,,0,0,0,0,0,1,,,0,3,ASSETS,,0,0,,,,,,,0,,0,,0,,,SCHILS,2004-08-30 11:51:48,SCHILS,2007-03-02 10:25:58,A,000,,0,0
212100,0,ACCREDITATION,,,,,,,,0,,,,,,,,,,,0,0,0,0,0,1,212009,630200,0,2,FXASSETS,,0,0,,,,,,,0,,0,,0,,,SCHILS,2004-08-30 11:51:08,SCHILS,2007-03-02 10:25:58,A,000,,0,0
212109,0,AMORT S/MISSIONS FCCIB-RC,,,,,,,,0,,,,,,,,,,,0,0,0,0,0,1,,,0,2,ASSETS,,0,0,,,,,,,0,,0,,0,,,SCHILS,2004-08-30 11:52:16,SCHILS,2007-03-02 10:25:58,A,000,,0,0
22,1,TERRAINS ET CONSTRUCTIONS,,,,,,,,0,,,,,,,,,,,0,0,0,0,0,0,,,0,,ASSETS,,0,0,,1998-12-26 14:06:24,1998-12-26 14:06:24,NEURAY,,,0,,0,,0,,,,,SCHILS,2007-03-02 10:25:58,M,,,0,0
23,1,"INSTALLATIONS,MACH.,OUTILLAGE",,,,,,,,0,,,,,,,,,,,0,0,0,0,0,0,,,0,,ASSETS,,0,0,,1998-12-26 14:06:24,1998-12-26 14:06:24,NEURAY,,,0,,0,,0,,,,,SCHILS,2007-03-02 10:25:58,M,,,0,0
230000,0,MACHINES & OUTILLAGES,,,,,,,D,1,,,,,,,,,,,0,0,1,0,0,1,230009,630200,0,9,FXASSETS,,0,0,,1998-12-26 14:06:24,1998-12-26 14:06:24,NEURAY,,,1,,1,,1,,,,,SCHILS,2008-05-19 16:34:45,M,,,0,0
230009,0,AMORT S/MAT & OUTIL,,,,,,,C,0,,,,,,,,,,,0,0,0,0,0,1,,,0,7,ASSETS,,0,0,,1998-12-26 14:06:24,1998-12-26 14:06:24,NEURAY,,,0,,0,,0,,,,,SCHILS,2007-03-26 09:37:00,M,,,0,0
231000,0,AMENAGEMENT DE LOCAUX,,,,,,,D,1,,,,,,,,,,,0,0,0,0,0,1,231009,630200,0,102,FXASSETS,AMENAGEMENT PdC,0,0,,1998-12-26 14:06:24,1998-12-26 14:06:24,NEURAY,,,1,,1,,1,,,,,SCHILS,2008-05-19 16:34:45,M,,,0,0
231009,0,AMORT S/AMENAGT LOCAUX,,,,,,,C,0,,,,,,,,,,,0,0,0,0,0,1,,,0,104,ASSETS,,0,0,,1998-12-26 14:06:24,1998-12-26 14:06:24,NEURAY,,,0,,0,,0,,,,,SCHILS,2007-03-26 09:37:01,M,,,0,0
24,1,MOBILIER ET MATERIEL ROULANT,,,,,,,,0,,,,,,,,,,,0,0,1,0,0,0,,,0,,ASSETS,,0,0,,1998-12-26 14:06:24,1998-12-26 14:06:24,NEURAY,,,0,,0,,0,,,,,SCHILS,2007-03-02 10:25:58,M,,,0,0
240000,0,MOBILIER,,,,AMO,,,D,1,,,,,,,,,,,0,0,0,0,0,1,240009,630200,0,105,FXASSETS,,0,0,,1998-12-26 14:06:24,2003-04-10 11:16:29,NEURAY,,,1,,1,,1,,,,,SCHILS,2008-05-19 16:34:45,M,,MOBILIER,0,0
240009,0,AMORT S/MOBILIER,,,,AMO,,,C,0,,,,,,,,,,,0,0,0,0,0,1,,,0,123,ASSETS,,0,0,,1998-12-26 14:06:24,2004-01-19 18:04:02,NEURAY,,,0,,0,,0,,,,,NEURAY,2007-05-14 16:52:14,M,,,0,0
241000,0,MATERIEL DE BUREAU,,,,AMO,,,D,1,,,,,BSD,GD,21.000000,,,,0,0,0,0,0,1,241009,630200,0,122,FXASSETS,,0,0,,1998-12-26 14:06:24,2003-08-06 10:08:04,NEURAY,,,1,,1,,1,,,,,SCHILS,2008-05-19 16:34:45,M,,MATBUR,0,0
241009,0,AMORT S/MAT BUREAU,,,,AMO,,,C,0,,,,,,,,,,,0,0,0,0,0,1,,,0,132,ASSETS,,0,0,,1998-12-26 14:06:24,1998-12-26 14:06:24,NEURAY,,,0,,0,,0,,,,,NEURAY,2007-05-14 16:52:14,M,,,0,0
242000,0,MAT INFORMATIQUE (Amort s/3 ans),,,,AMO,,,D,1,,,,,BSD,GD,21.000000,,,,0,0,0,0,0,1,242009,630200,0,135,FXASSETS,,0,0,,1998-12-26 14:06:24,2003-01-14 10:13:15,NEURAY,,,1,,1,,1,,,,,SCHILS,2008-05-19 16:34:45,M,,MATINFORM,0,0
242002,0,MAT INFORMATIQUE (Amort s/2 ans),,,,AMO,,,D,1,,,,,BSD,GD,21.000000,,,,0,0,1,0,0,1,242009,630200,0,38,FXASSETS,,0,0,,2002-12-13 11:12:25,2003-01-14 10:13:42,NEURAY,,,1,,1,,1,,,,,SCHILS,2008-05-19 16:34:45,M,,MATINFORM,0,0
242009,0,AMORT S/MAT INFORMATIQUE,,,,AMO,,,C,0,,,,,,,,,,,0,0,0,0,0,1,,,0,177,ASSETS,,0,0,,1998-12-26 14:06:24,1998-12-26 14:06:24,NEURAY,,,0,,0,,0,,,,,NEURAY,2007-05-14 16:52:15,M,,,0,0
243000,0,MATERIEL ROULANT,,,,AMO,,,D,1,,,,,BSD,GD,21.000000,,,,0,0,0,0,0,1,243009,630200,0,179,FXASSETS,,0,0,,2000-04-11 09:32:07,2003-10-20 11:10:42,NEURAY,,,1,,1,,1,,,,,SCHILS,2008-05-19 16:34:45,M,,MATROULA,0,0
243009,0,AMORTISSEMENT S/MAT ROULANT,,,,AMO,,,C,0,,,,,,,,,,,0,0,0,0,0,1,,,0,210,ASSETS,,0,0,,2000-04-11 09:33:14,2000-04-11 09:34:20,NEURAY,,,0,,0,,0,,,,,NEURAY,2007-05-14 16:52:15,M,,,0,0
26,1,AUTRES IMMOB. CORPORELLES (SOFTWARE),,,,,,,,0,,,,,,,,,,,0,0,1,0,0,0,,,0,,ASSETS,,0,0,,1998-12-26 14:06:24,1998-12-26 14:06:24,NEURAY,,,0,,0,,0,,,,,SCHILS,2007-03-02 10:25:58,M,,,0,0
260000,0,AUTRE IMMOB CORPORELLES (SOFTWARE),,,,,,,D,1,,,,,BSD,GD,21.000000,,,,0,0,0,0,0,0,260009,630200,0,,FXASSETS,,0,0,,,,,,,1,,1,,1,,,SCHILS,2004-08-30 11:55:04,SCHILS,2008-05-19 16:34:45,A,000,,0,0
260009,0,AMORT S/ AMENAG LOCAUX,,,,,,,,0,,,,,,,,,,,0,0,0,0,0,1,,,0,85,ASSETS,,0,0,,,,,,,0,,0,,0,,,SCHILS,2004-08-30 11:55:35,NEURAY,2007-05-14 16:52:15,A,000,,0,0
28,1,IMMOBILISATIONS FINANCIERES,,,,,,,,0,,,,,,,,,,,0,0,0,0,0,0,,,0,,ASSETS,,0,0,,1998-12-26 14:06:24,1998-12-26 14:06:24,NEURAY,,,0,,0,,0,,,,,SCHILS,2007-03-02 10:25:58,M,,,0,0
280000,0,IMMOBILISATIONS FINANCIERES,,,,,,,D,0,,,,,,,,,,,0,0,0,0,0,1,,,0,2,ASSETS,,0,0,,1998-12-26 14:06:24,1998-12-26 14:06:24,NEURAY,,,0,,0,,0,,,,,SCHILS,2007-03-02 10:25:58,M,,,0,0
282000,0,Immobilisation E CAPITAL (Via CWCI) (L),,,,,,,,0,,,,,,,,,,,0,0,0,0,0,1,,,0,2,,,0,0,,,,,,,0,,0,,0,,,SCHILS,2004-08-30 11:07:57,SCHILS,2007-03-02 10:25:58,A,000,,0,0
282800,0,E-CAPITAL (CAPITAL NON APPELE) (L),,,,,,,,0,,,,,,,,,,,0,0,0,0,0,1,,,0,3,,,0,0,,,,,,,0,,0,,0,,,SCHILS,2004-08-30 11:08:25,SCHILS,2007-03-02 10:25:58,A,000,,0,0
284000,0,"CAPITALISATION ""GECCI"" (L)",,,,011,,,D,0,,,,,,,,,,,0,0,0,0,0,1,,,0,2,ASSETS,,0,0,,2003-07-10 12:03:23,2003-07-10 12:03:58,NEURAY,,,0,,0,,0,,,,,SCHILS,2007-03-02 10:25:58,M,,,0,0
284001,0,"CAPITALISATION ""GECCI""  (v)",,,,,,,,0,,,,,,,,,,,0,0,0,0,0,1,,,0,2,ASSETS,,0,0,,,,,,,0,,0,,0,,,NEURAY,2004-11-26 08:48:58,SCHILS,2007-03-02 10:25:58,A,000,,0,0
284002,0,Capitalisation Difichambers,,,,,,,,0,,,,,,,,,,,0,0,0,0,0,0,,,0,1,ASSETS,,0,0,,,,,,,0,,0,,0,,,SCHILS,2008-05-19 13:26:56,SCHILS,2008-05-19 13:26:56,A,000,,0,0
288000,0,CAUTIONS VERSEES EN NUMERAIRE,,,,,,,,0,,,,,,,,,,,0,0,0,0,0,1,,,0,223,ASSETS,,0,0,,1998-12-26 14:06:24,1998-12-26 14:06:24,NEURAY,,,0,,0,,0,,,,,NEURAY,2007-05-14 16:52:15,M,,,0,0
288001,0,CAUTION VERSEE MIN AFF ECO,,,,,,,D,0,,,,,,,,,,,0,0,0,0,0,1,,,0,2,ASSETS,,0,0,,2000-12-11 12:16:03,2000-12-11 12:17:20,SCHILS,,,0,,0,,0,,,,,SCHILS,2007-03-02 10:25:58,M,,,0,0
288002,0,CAUTIONS (v),,,,,,,,0,,,,,,,,,,,0,0,0,0,0,1,,,0,2,,,0,0,,,,,,,0,,0,,0,,,SCHILS,2004-11-02 11:06:38,SCHILS,2007-03-02 10:25:58,A,000,,0,0
29,1,CREANCES A PLUS D'UN AN,,,,,,,,0,,,,,,,,,,,0,0,0,0,0,0,,,0,,ASSETS,,0,0,,1998-12-26 14:06:24,1998-12-26 14:06:24,NEURAY,,,0,,0,,0,,,,,SCHILS,2007-03-02 10:25:58,M,,,0,0
3,1,COMPTES DE STOCK,,,,,,,,0,,,,,,,,,,,0,0,0,0,0,0,,,0,,ASSETS,,0,0,,1998-12-26 14:06:24,1998-12-26 14:06:24,NEURAY,,,0,,0,,0,,,,,SCHILS,2007-03-02 10:25:58,M,,,0,0
4,1,CPTES CREANCES/DETTES 1 AN AU+,,,,,,,,0,,,,,,,,,,,0,0,0,0,0,0,,,0,,LIABILIT,,0,0,,1998-12-26 14:06:24,1998-12-26 14:06:24,NEURAY,,,0,,0,,0,,,,,SCHILS,2007-03-02 10:25:58,M,,,0,0
40,1,CREANCES RESULT. LIVR. BIENS,,,,,,,,0,,,,,,,,,,,0,0,0,0,0,0,,,0,,ASSETS,,0,0,,1998-12-26 14:06:24,1998-12-26 14:06:24,NEURAY,,,0,,0,,0,,,,,SCHILS,2007-03-02 10:25:58,M,,,0,0
400000,0,CLIENTS,,,,CT,COLLECCUS,,C,0,,,,,,,,,,,1,0,0,0,0,0,,,0,1,ASSETS,,0,0,,1998-12-26 14:06:24,2000-05-30 15:50:01,NEURAY,,,0,,0,,0,,,,,SCHILS,2007-11-07 08:23:29,M,,,0,0
400001,0,CLIENTS LIEGE,,,,,,,,0,,,,,,,,,,,0,0,0,0,0,1,,,0,9,,,0,0,,,,,,,0,,0,,0,,,SCHILS,2004-08-30 11:19:34,SCHILS,2007-03-02 10:25:58,A,000,,0,0
400002,0,CLIENTS VERVIERS,,,,,,,,0,,,,,,,,,,,0,0,0,0,0,1,,,0,7,ASSETS,,0,0,,,,,,,0,,0,,0,,,SCHILS,2004-08-30 11:19:46,SCHILS,2007-03-02 10:25:58,A,000,,0,0
400060,0,A RECEVOIR CCIV,,,,,,,,0,,,,,,,,,,,0,0,0,0,0,1,,,0,12,,,0,0,,2004-06-29 09:46:24,2004-06-29 09:46:36,SCHILS,,,0,,0,,0,,,,,SCHILS,2007-03-02 10:25:58,M,,,0,0
400061,0,A RECEVOIR CCIAV (v),,,,,,,,0,,,,,,,,,,,0,0,0,0,0,1,,,0,2,,,0,0,,,,,,,0,,0,,0,,,SCHILS,2004-11-02 09:45:41,SCHILS,2007-03-02 10:25:58,A,000,,0,0
400065,0,NC A RECEVOIR,,,,,,,,0,,,,,,,,,,,0,0,0,0,0,1,,,0,3,,,0,0,,,,,,,0,,0,,0,,,SCHILS,2004-08-30 11:56:37,SCHILS,2007-03-02 10:25:58,A,000,,0,0
400070,0,FACTURES A ETABLIR,,,,,,,,0,,,,,,,,,,,0,0,0,0,0,1,,,0,25,,,0,0,,,,,,,0,,0,,0,,,SCHILS,2004-08-30 11:57:24,SCHILS,2008-07-31 15:33:51,A,000,,0,0
406000,0,AVANCES ET ACOMPTES VERSES (v),,,,,,,,0,,,,,,,,,,,0,0,0,0,0,1,,,0,9,ASSETS,,0,0,,1998-12-26 14:06:24,1998-12-26 14:06:24,NEURAY,,,0,,0,,0,,,,,SCHILS,2007-03-02 10:25:58,M,,,0,0
406001,0,AVANCES ET ACOMPTES VERSES,,,,,,,,0,,,,,,,,,,,0,0,0,0,0,1,,,0,2,,,0,0,,,,,,,0,,0,,0,,,SCHILS,2005-05-02 16:49:20,SCHILS,2008-03-14 13:29:11,A,000,,0,0
406002,0,AVANCES ET ACOMPTES VERSES (L),,,,,,,,0,,,,,,,,,,,0,0,0,0,0,1,,,0,2,,,0,0,,,,,,,0,,0,,0,,,SCHILS,2004-11-04 16:26:35,SCHILS,2007-03-02 10:25:59,A,000,,0,0
407000,0,CREANCES DOUTEUSES,,,,,,,,0,,,,,,,,,,,0,0,0,0,0,1,,,0,231,ASSETS,,0,0,,1998-12-26 14:06:24,1998-12-26 14:06:24,NEURAY,,,0,,0,,0,,,,,SCHILS,2008-02-14 10:07:05,M,,,0,0
409000,0,REDUC. VALEUR CREANCES COMMERCIALES,,,,,,,,0,,,,,,,,,,,0,0,0,0,0,1,,,0,246,,,0,0,,,,,,,0,,0,,0,,,SCHILS,2004-08-30 11:20:54,SCHILS,2008-06-16 11:49:44,A,000,,0,0
409002,0,RDV SUR CREANCES DOUTEUSES (L),,,,,,,,0,,,,,,,,,,,0,0,0,0,0,1,,,0,12,ASSETS,,0,0,,,,,,,0,,0,,0,,,SCHILS,2004-11-04 16:27:52,SCHILS,2007-03-02 10:25:59,A,000,,0,0
41,1,AUTRES CREANCES,,,,,,,,0,,,,,,,,,,,0,0,0,0,0,0,,,0,,ASSETS,,0,0,,1998-12-26 14:06:24,1998-12-26 14:06:24,NEURAY,,,0,,0,,0,,,,,SCHILS,2007-03-02 10:25:59,M,,,0,0
411000,0,TVA A RECUPERER,,,,,VATDEF,,D,0,,,,,,,,,,,1,0,0,0,0,1,,,0,22,ASSETS,,0,0,,1998-12-26 14:06:24,1998-12-26 14:06:24,NEURAY,,,0,,0,,0,,,,,SCHILS,2007-11-07 08:23:29,M,,,0,0
411100,0,TVA SUR OPERATIONS FINANCIERES,,,,,,,D,0,,,,,,,,,,,1,0,0,0,0,1,,,0,2,ASSETS,,0,0,,1998-12-26 14:06:24,1998-12-26 14:06:24,NEURAY,,,0,,0,,0,,,,,SCHILS,2007-03-02 10:25:59,M,,,0,0
411600,0,Achats taxés à l'origine,,,,,VATDEF,,,0,,,,,,,,,,,1,0,0,0,0,0,,,0,,,,0,0,,2004-02-12 14:41:36,2004-02-12 14:41:38,SCHILS,,,0,,0,,0,,,,,SCHILS,2007-11-07 08:23:29,M,,,0,0
412000,0,CCI L/V,,,,,,,,0,,,,,,,,,,,0,0,0,0,0,1,,,0,15,,,0,0,,,,,,,0,,0,,0,,,SCHILS,2004-08-30 11:21:32,SCHILS,2007-03-02 10:25:59,A,000,,0,0
414000,0,PRODUITS A RECEVOIR PROJET DIVERS,,,,,,,C,0,,,,,,,,,,,0,0,0,0,0,1,,,0,294,ASSETS,SUBV 123 & 258,0,0,,1998-12-26 14:06:24,2004-02-12 10:09:23,NEURAY,,,0,,0,,0,,,,,SCHILS,2008-06-17 15:21:57,M,,,0,0
414001,0,FEDER (v),,,,,,,,0,,,,,,,,,,,0,0,0,0,0,1,,,0,8,,,0,0,,,,,,,0,,0,,0,,,SCHILS,2004-08-30 11:59:18,SCHILS,2008-06-17 15:22:02,A,000,,0,0
414002,0,FEDER (L),,,,,,,,0,,,,,,,,,,,0,0,0,0,0,1,,,0,4,,,0,0,,,,,,,0,,0,,0,,,SCHILS,2004-11-04 16:32:23,SCHILS,2007-03-02 10:25:59,A,000,,0,0
414100,0,PRODUITS A RECEVOIR FEDER,,,,,,,C,0,,,,,,,,,,,0,0,0,0,0,1,,,0,247,ASSETS,,0,0,,2004-02-12 10:08:22,2004-02-12 10:09:32,SCHILS,,,0,,0,,0,,,,,SCHILS,2008-04-10 15:22:43,M,,,0,0
414101,0,FEDER 2000-2006 (v),,,,,,,,0,,,,,,,,,,,0,0,0,0,0,1,,,0,88,,,0,0,,,,,,,0,,0,,0,,,SCHILS,2004-08-30 12:05:10,NEURAY,2007-05-14 16:52:15,A,000,,0,0
414200,0,PRODUITS A RECEVOIR IREG,,,,,,,,0,,,,,,,,,,,0,0,0,0,0,1,,,0,236,ASSETS,,0,0,,2004-02-12 10:09:37,2004-02-12 10:09:52,SCHILS,,,0,,0,,0,,,,,NEURAY,2007-05-14 16:52:15,M,,,0,0
414201,0,EUREGIO - INTERREG (v),,,,,,,,0,,,,,,,,,,,0,0,0,0,0,1,,,0,227,ASSETS,,0,0,,,,,,,0,,0,,0,,,SCHILS,2004-11-02 09:49:56,SCHILS,2008-06-17 15:22:27,A,000,,0,0
414210,0,REDUC VALEUR INTERREG 98-2002 (v),,,,,,,,0,,,,,,,,,,,0,0,0,0,0,1,,,0,3,,,0,0,,,,,,,0,,0,,0,,,SCHILS,2004-08-30 12:00:44,SCHILS,2008-06-16 11:57:12,A,000,,0,0
414222,0,INTERREG (L),,,,,,,,0,,,,,,,,,,,0,0,0,0,0,1,,,0,2,,,0,0,,,,,,,0,,0,,0,,,SCHILS,2004-11-04 16:55:37,SCHILS,2007-03-02 10:25:59,A,000,,0,0
414300,0,PRODUITS A RECEVOIR SWAP,,,,,,,,0,,,,,,,,,,,0,0,0,0,0,1,,,0,234,ASSETS,,0,0,,2004-02-12 10:09:52,2004-02-12 10:10:09,SCHILS,,,0,,0,,0,,,,,SCHILS,2007-10-25 12:00:39,M,,,0,0
414301,0,APPEL (v),,,,,,,,0,,,,,,,,,,,0,0,0,0,0,1,,,0,2,,,0,0,,,,,,,0,,0,,0,,,SCHILS,2004-08-30 12:12:16,SCHILS,2007-03-02 10:25:59,A,000,,0,0
414310,0,REDUC VALEUR APPEL (v),,,,,,,,0,,,,,,,,,,,0,0,0,0,0,1,,,0,3,,,0,0,,,,,,,0,,0,,0,,,SCHILS,2004-08-30 12:02:11,SCHILS,2007-03-02 10:25:59,A,000,,0,0
414400,0,PRODUITS A RECEVOIR PLATO,,,,,,,,0,,,,,,,,,,,0,0,0,0,0,1,,,0,234,ASSETS,,0,0,,2004-02-12 10:10:09,2004-02-12 10:15:14,SCHILS,,,0,,0,,0,,,,,NEURAY,2007-05-14 16:52:15,M,,,0,0
414401,0,PLATO  (v),,,,,,,,0,,,,,,,,,,,0,0,0,0,0,1,,,0,2,,,0,0,,,,,,,0,,0,,0,,,SCHILS,2004-08-30 12:12:52,SCHILS,2008-03-25 14:14:24,A,000,,0,0
414402,0,PLATO MANAGEMENT,,,,,,,,0,,,,,,,,,,,0,0,0,0,0,1,,,0,2,,,0,0,,,,,,,0,,0,,0,,,SCHILS,2004-11-15 16:38:31,SCHILS,2007-03-02 10:25:59,A,000,,0,0
414403,0,PLATO QUOTE PART PRIVEE ENTREPRISE,,,,,,,,0,,,,,,,,,,,0,0,0,0,0,1,,,0,228,ASSETS,,0,0,,,,,,,0,,0,,0,,,SCHILS,2006-05-05 09:05:49,SCHILS,2007-03-26 09:37:04,A,000,,0,0
414410,0,REDUC VALEUR PLATO  (v),,,,,,,,0,,,,,,,,,,,0,0,0,0,0,1,,,0,2,,,0,0,,,,,,,0,,0,,0,,,SCHILS,2004-08-30 12:03:00,SCHILS,2008-03-25 14:14:13,A,000,,0,0
414500,0,SIE INTENDANCE LV,,,,,,,,0,,,,,,,,,,,0,0,0,0,0,1,,,0,2,ASSETS,,0,0,,2004-02-12 10:15:14,2004-02-12 10:16:01,SCHILS,,,0,,0,,0,,,,,SCHILS,2008-06-16 11:57:51,M,,,0,0
414501,0,PLATO 200 (v),,,,,,,,0,,,,,,,,,,,0,0,0,0,0,1,,,0,236,,,0,0,,,,,,,0,,0,,0,,,SCHILS,2004-08-30 12:04:05,SCHILS,2008-06-17 15:23:00,A,000,,0,0
414510,0,REDUC VALEUR PLATO 200 (v),,,,,,,,0,,,,,,,,,,,0,0,0,0,0,1,,,0,3,,,0,0,,,,,,,0,,0,,0,,,SCHILS,2004-08-30 12:13:32,SCHILS,2008-06-16 11:58:09,A,000,,0,0
414522,0,PLATO RENFORCEMENT (L),,,,,,,,0,,,,,,,,,,,0,0,0,0,0,1,,,0,233,,,0,0,,,,,,,0,,0,,0,,,SCHILS,2004-11-04 16:40:09,SCHILS,2008-06-17 15:23:07,A,000,,0,0
414550,0,SIE TRADUCTIONS LV,,,,,,,,0,,,,,,,,,,,0,0,0,0,0,0,,,0,,ASSETS,,0,0,,2004-02-12 10:15:30,2004-02-12 10:15:53,SCHILS,,,0,,0,,0,,,,,SCHILS,2007-03-02 10:25:59,M,,,0,0
414600,0,PLATONET (v),,,,,,,,0,,,,,,,,,,,0,0,0,0,0,1,,,0,3,,,0,0,,,,,,,0,,0,,0,,,SCHILS,2004-08-30 12:14:01,SCHILS,2008-06-16 11:58:25,A,000,,0,0
414610,0,REDUC VALEUR PLATONET (v),,,,,,,,0,,,,,,,,,,,0,0,0,0,0,1,,,0,3,,,0,0,,,,,,,0,,0,,0,,,SCHILS,2004-08-30 12:14:24,SCHILS,2008-06-16 11:58:33,A,000,,0,0
414700,0,SIE AWEX (v),,,,,,,,0,,,,,,,,,,,0,0,0,0,0,1,,,0,3,,,0,0,,,,,,,0,,0,,0,,,SCHILS,2004-08-30 12:14:43,SCHILS,2007-03-02 10:25:59,A,000,,0,0
414702,0,SIE 2002 AWEX (L),,,,,,,,0,,,,,,,,,,,0,0,0,0,0,1,,,0,4,,,0,0,,,,,,,0,,0,,0,,,SCHILS,2004-11-04 16:30:30,SCHILS,2007-03-02 10:25:59,A,000,,0,0
414800,0,SIE TRADUCTION (v),,,,,,,,0,,,,,,,,,,,0,0,0,0,0,1,,,0,3,,,0,0,,,,,,,0,,0,,0,,,SCHILS,2004-08-30 12:15:12,SCHILS,2007-03-02 10:25:59,A,000,,0,0
414802,0,TRADUCTION AWEX,,,,,,,,1,,,,,,,,,,,0,0,0,0,0,1,,,0,241,,,0,0,,,,,,,1,RI,1,,1,,,SCHILS,2004-11-15 09:43:03,SCHILS,2008-05-19 16:34:45,A,000,,0,0
414810,0,SIE,,,,,,,,0,,,,,,,,,,,0,0,0,0,0,1,,,0,246,,,0,0,,,,,,,0,,0,,0,,,SCHILS,2005-02-09 14:49:15,NEURAY,2007-10-16 14:32:41,A,000,,0,0
414900,0,SUBVENTION FORET,,,,,,,,0,,,,,,,,,,,0,0,0,0,0,1,,,0,3,,,0,0,,,,,,,0,,0,,0,,,NEURAY,2004-11-26 09:17:50,SCHILS,2007-03-02 10:25:59,A,000,,0,0
414902,0,SUBVENTION FORET (L),,,,,,,,0,,,,,,,,,,,0,0,0,0,0,1,,,0,3,,,0,0,,,,,,,0,,0,,0,,,SCHILS,2004-11-04 16:36:35,SCHILS,2007-03-02 10:25:59,A,000,,0,0
414910,0,SUBVENTION ENERGY POOLING,,,,,,,,0,,,,,,,,,,,0,0,0,0,0,1,,,0,251,ASSETS,,0,0,,,,,,,0,,0,,0,,,NEURAY,2004-11-26 10:02:15,SCHILS,2008-02-11 10:50:30,A,000,,0,0
414920,0,APE,,,,,,,,0,,,,,,,,,,,0,0,0,0,0,1,,,0,247,,,0,0,,,,,,,0,,0,,0,,,SCHILS,2005-02-08 16:36:20,SCHILS,2008-05-08 12:12:36,A,000,,0,0
415000,0,PROJET JNES EXPORTATEUR 2001-2002,,,,,,,,0,,,,,,,,,,,0,0,0,0,0,1,,,0,2,,,0,0,,,,,,,0,,0,,0,,,SCHILS,2004-08-30 12:16:21,SCHILS,2007-03-02 10:25:59,A,000,,0,0
416000,0,C/C CCILg  A/P liquides,,,,,,,,0,,,,,,,,,,,0,0,0,0,0,1,,,0,3,,,0,0,,,,,,,0,,0,,0,,,SCHILS,2004-09-29 12:48:59,SCHILS,2007-03-02 10:25:59,A,000,,0,0
416002,0,CREANCES DIVERSES (L),,,,,,,,0,,,,,,,,,,,0,0,0,0,0,1,,,0,4,,,0,0,,,,,,,0,,0,,0,,,SCHILS,2004-11-04 16:47:39,SCHILS,2007-03-02 10:25:59,A,000,,0,0
416100,0,C/C CCIAV A/P liquides,,,,,,,,0,,,,,,,,,,,0,0,0,0,0,1,,,0,2,,,0,0,,,,,,,0,,0,,0,,,SCHILS,2004-09-29 13:01:40,SCHILS,2007-03-02 10:25:59,A,000,,0,0
416300,0,AVANCES ET PRETS AU PERSONNEL,,,,,,,,0,,,,,,,,,,,0,0,0,0,0,1,,,0,2,ASSETS,,0,0,,1998-12-26 14:06:24,1998-12-26 14:06:24,NEURAY,,,0,,0,,0,,,,,SCHILS,2007-03-02 10:25:59,M,,,0,0
416600,0,DEBITEURS DIVERS,,,,,,,,0,,,,,,,,,,,0,0,0,0,0,1,,,0,2,,,0,0,,,,,,,0,,0,,0,,,SCHILS,2006-02-06 16:46:45,SCHILS,2007-03-02 10:25:59,A,000,,0,0
416700,0,GECCI avances,,,,,,,,0,,,,,,,,,,,0,0,0,0,0,1,,,0,235,,,0,0,,,,,,,0,,0,,0,,,SCHILS,2006-02-27 16:25:45,NEURAY,2007-05-14 16:52:15,A,000,,0,0
418802,0,SIE 2003 (L),,,,,,,,0,,,,,,,,,,,0,0,0,0,0,1,,,0,3,,,0,0,,,,,,,0,,0,,0,,,SCHILS,2004-11-04 16:43:35,SCHILS,2007-03-02 10:25:59,A,000,,0,0
42,1,DETTES A + 1AN ECHEANT DS ANNEE,,,,,,,,0,,,,,,,,,,,0,0,0,0,0,0,,,0,,ASSETS,,0,0,,2002-02-21 16:32:45,2002-02-22 15:44:05,NEURAY,,,0,,0,,0,,,,,SCHILS,2007-03-02 10:25:59,M,,,0,0
423000,0,Financement  Renault PVDM,,,,,,,,0,,,,,,,,,,,0,0,0,0,0,1,,,0,152,ASSETS,,0,0,,2002-02-22 15:44:15,2004-02-12 10:16:33,NEURAY,,,0,,0,,0,,,,,SCHILS,2008-01-23 11:38:38,M,,,0,0
423004,0,Financement Audi A3 MP,,,,,,,,0,,,,,,,,,,,0,0,0,0,0,1,,,0,243,,,0,0,,,,,,,0,,0,,0,,,SCHILS,2004-08-30 12:26:22,SCHILS,2008-01-18 14:36:35,A,000,,0,0
423005,0,Financement Renault,,,,,,,,0,,,,,,,,,,,0,0,1,0,0,1,,,0,17,,,0,0,,,,,,,0,,0,,0,,,SCHILS,2004-08-30 12:27:03,SCHILS,2007-03-02 10:25:59,A,000,,0,0
423100,0,Financement VW  JML,,,,,,,,0,,,,,,,,,,,0,0,0,0,0,1,,,0,254,ASSETS,,0,0,,2002-04-23 15:55:46,2004-02-12 10:16:51,NEURAY,,,0,,0,,0,,,,,SCHILS,2008-01-18 14:36:52,M,,,0,0
423200,0,Financement Renault PN,,,,,,,,0,,,,,,,,,,,0,0,0,0,0,1,,,0,250,ASSETS,,0,0,,2002-12-20 10:58:29,2004-02-12 10:17:28,NEURAY,,,0,,0,,0,,,,,SCHILS,2008-06-16 11:59:21,M,,,0,0
423300,0,Financement Golf GB,,,,,,,D,0,,,,,,,,,,,0,0,0,0,0,1,,,0,255,FXASSETS,,0,0,,2003-06-12 16:39:00,2004-02-12 10:17:41,NEURAY,,,0,,0,,0,,,,,SCHILS,2008-06-16 11:59:32,M,,,0,0
423400,0,Financement Renault PO,,,,,,,,0,,,,,,,,,,,0,0,0,0,0,1,,,0,244,ASSETS,,0,0,,2004-02-12 10:18:01,2004-02-12 10:18:15,SCHILS,,,0,,0,,0,,,,,SCHILS,2008-01-18 14:37:30,M,,,0,0
423500,0,Financement Alfa XC,,,,,,,,0,,,,,,,,,,,0,0,0,0,0,1,,,0,249,ASSETS,,0,0,,2004-02-12 10:18:15,2004-02-12 10:18:32,SCHILS,,,0,,0,,0,,,,,SCHILS,2008-01-18 14:37:37,M,,,0,0
423600,0,Financement Polo EF,,,,,,,,0,,,,,,,,,,,0,0,0,0,0,1,,,0,248,ASSETS,,0,0,,2004-02-12 10:18:32,2004-02-12 10:18:57,SCHILS,,,0,,0,,0,,,,,SCHILS,2008-01-18 14:37:50,M,,,0,0
423700,0,Financement Peugeot JPT,,,,,,,,0,,,,,,,,,,,0,0,0,0,0,1,,,0,245,ASSETS,,0,0,,,,,,,0,,0,,0,,,SCHILS,2004-11-05 13:13:01,SCHILS,2008-01-18 14:38:01,A,000,,0,0
423800,0,Financement VW DW,,,,,,,,0,,,,,,,,,,,0,0,0,0,0,1,,,0,246,ASSETS,,0,0,,,,,,,0,,0,,0,,,SCHILS,2005-02-08 08:47:17,SCHILS,2008-01-18 14:38:11,A,000,,0,0
423900,0,Financement  3 véhicules COMMER,,,,,,,,0,,,,,,,,,,,0,0,0,0,0,1,,,0,1,ASSETS,,0,0,,,,,,,0,COMMERC,0,,0,,,SCHILS,2008-01-23 11:31:54,SCHILS,2008-03-14 08:54:06,A,000,,0,0
433000,0,DETTES FINANCIERES,,,,,,,C,0,,,,,,,,,,,0,0,0,0,0,1,,,0,21,LIABILIT,,0,0,,2001-01-09 11:54:05,2004-02-12 10:19:17,SCHILS,,,0,,0,,0,,,,,SCHILS,2007-03-02 10:25:59,M,,,0,0
437000,0,INT ET FRAIS A PAYER,,,,,,,,0,,,,,,,,,,,0,0,0,0,0,1,,,0,5,,,0,0,,,,,,,0,,0,,0,,,SCHILS,2006-02-06 16:21:32,SCHILS,2008-06-16 11:59:47,A,000,,0,0
44,1,DETTES COMMERCIALES,,,,,,,,0,,,,,,,,,,,0,0,0,0,0,0,,,0,,LIABILIT,,0,0,,1998-12-26 14:06:24,1998-12-26 14:06:24,NEURAY,,,0,,0,,0,,,,,SCHILS,2007-03-02 10:25:59,M,,,0,0
440000,0,FOURNISSEURS,,,,CT,COLLECSUP,,C,0,,,,,,,,,,,1,0,0,0,0,0,,,0,1,LIABILIT,,0,0,,1998-12-26 14:06:24,2000-04-12 17:13:20,NEURAY,,,0,,0,,0,,,,,SCHILS,2007-11-07 08:23:29,M,,,0,0
440001,0,FOURNISSEURS LIEGE,,,,,,,,0,,,,,,,,,,,0,0,0,0,0,1,,,0,22,,,0,0,,,,,,,0,,0,,0,,,SCHILS,2004-08-30 11:28:49,SCHILS,2007-03-02 10:25:59,A,000,,0,0
440002,0,FOURNISSEURS VERVIERS,,,,,,,,0,,,,,,,,,,,0,0,0,0,0,1,,,0,24,,,0,0,,,,,,,0,,0,,0,,,SCHILS,2004-08-30 12:27:56,SCHILS,2007-03-02 10:25:59,A,000,,0,0
440500,0,NOTES DE CREDIT A ETABLIR,,,,,,,,0,,,,,,,,,,,0,0,0,0,0,1,,,0,51,LIABILIT,,0,0,,2004-02-12 10:19:46,2004-02-12 10:20:09,SCHILS,,,0,,0,,0,,,,,SCHILS,2008-04-24 16:53:08,M,,,0,0
440501,0,NCR A ETABLIR (v),,,,,,,,0,,,,,,,,,,,0,0,0,0,0,1,,,0,2,,,0,0,,,,,,,0,,0,,0,,,SCHILS,2004-11-02 10:34:57,SCHILS,2007-03-02 10:25:59,A,000,,0,0
442000,0,AUTRES DETTES A PAYER,,,,,,,,0,,,,,,,,,,,0,0,0,0,0,1,,,0,26,,,0,0,,,,,,,0,,0,,0,,,SCHILS,2004-08-30 11:29:26,SCHILS,2007-03-02 10:25:59,A,000,,0,0
444000,0,FACTURES A RECEVOIR,,,,,,,C,0,,,,,,,,,,,0,0,0,0,0,1,,,0,433,LIABILIT,,0,0,,1998-12-26 14:06:24,2000-04-06 17:11:40,NEURAY,,,0,,0,,0,,,,,SCHILS,2008-07-31 15:32:42,M,,,0,0
444001,0,FACTURES A RECEVOIR (v),,,,,,,,0,,,,,,,,,,,0,0,0,0,0,1,,,0,2,,,0,0,,,,,,,0,,0,,0,,,SCHILS,2004-11-02 10:34:10,SCHILS,2007-03-02 10:25:59,A,000,,0,0
444002,0,FACTURES A RECEVOIR (L),,,,,,,,0,,,,,,,,,,,0,0,0,0,0,1,,,0,2,,,0,0,,,,,,,0,,0,,0,,,SCHILS,2004-11-04 17:08:45,SCHILS,2007-03-02 10:25:59,A,000,,0,0
45,1,"DETTES/PROV. FISCALES,SOCIALES",,,,,,,,0,,,,,,,,,,,0,0,0,0,0,0,,,0,,LIABILIT,,0,0,,1998-12-26 14:06:24,1998-12-26 14:06:24,NEURAY,,,0,,0,,0,,,,,SCHILS,2007-03-02 10:25:59,M,,,0,0
450150,0,TVA A PAYER REGUL 10%,,,,,,,,0,,,,,,,,,,,0,0,0,0,0,0,,,0,,,,0,0,,,,,,,0,,0,,0,,,SCHILS,2004-08-30 12:34:22,SCHILS,2007-03-02 10:25:59,A,000,,0,0
450160,0,TVA à régulariser,,,,,,,,0,,,,,,,,,,,0,0,0,0,0,1,,,0,92,,,0,0,,,,,,,0,,0,,0,,,SCHILS,2005-08-09 11:28:41,SCHILS,2007-03-26 09:37:06,A,000,,0,0
451000,0,TVA A PAYER,,,,,VATDEF,,,0,,,,,,,,,,,0,0,0,0,0,1,,,0,6,LIABILIT,,0,0,,1998-12-26 14:06:24,2002-03-20 08:22:45,NEURAY,,,0,,0,,0,,,,,SCHILS,2007-11-07 08:23:29,M,,,0,0
451100,0,TVA INTRA COMMUNAUTAIRE,,,,,VATDEF,,C,0,,,,,,,,,,,0,0,0,0,0,1,,,0,13,LIABILIT,,0,0,,1998-12-26 14:06:24,2004-02-12 10:21:30,NEURAY,,,0,,0,,0,,,,,SCHILS,2008-01-23 14:42:47,M,,,0,0
451150,0,TVA à Régulariser,,,,,,,,0,,,,,,,,,,,0,0,0,0,0,0,,,0,,,,0,0,,,,,,,0,,0,,0,,,SCHILS,2006-04-11 12:03:29,SCHILS,2007-03-02 10:25:59,A,000,,0,0
451200,0,COMPTE COURANT TVA,,,,,,,C,0,,,,,,,,,,,1,0,0,0,0,1,,,0,275,LIABILIT,,0,0,,1998-12-26 14:06:24,2004-02-12 10:21:25,NEURAY,,,0,,0,,0,,,,,NEURAY,2007-05-14 16:52:16,M,,,0,0
451201,0,COMPTE COURANT TVA (v),,,,,,,,0,,,,,,,,,,,0,0,0,0,0,1,,,0,2,,,0,0,,,,,,,0,,0,,0,,,SCHILS,2004-11-02 10:36:29,SCHILS,2007-03-02 10:25:59,A,000,,0,0
451202,0,COMPTE COURANT TVA (L),,,,,,,,0,,,,,,,,,,,0,0,0,0,0,1,,,0,28,,,0,0,,,,,,,0,,0,,0,,,SCHILS,2004-11-04 17:13:50,SCHILS,2007-03-02 10:25:59,A,000,,0,0
451300,0,TVA COCONTRACTANT,,,,,VATDEF,,C,0,,,,,,,,,,,1,0,0,0,0,1,,,0,14,LIABILIT,,0,0,,1998-12-26 14:06:24,1998-12-26 14:06:24,NEURAY,,,0,,0,,0,,,,,SCHILS,2007-11-07 08:23:29,M,,,0,0
451500,0,Report TVA,,,,,VATDEF,,,0,,,,,,,,,,,0,0,0,0,0,0,,,0,,,,0,0,,2004-02-12 14:37:22,2004-02-12 14:37:30,SCHILS,,,0,,0,,0,,,,,SCHILS,2007-11-07 08:23:29,M,,,0,0
451600,0,Ventes CEE taxées à la destination,,,,,VATDEF,,,0,,,,,,,,,,,0,0,0,0,0,0,,,0,,,,0,0,,2004-02-12 14:41:23,2004-02-12 14:41:25,SCHILS,,,0,,0,,0,,,,,SCHILS,2007-11-07 08:23:29,M,,,0,0
453000,0,PRECOMPTE PROFESSIONNEL,,,,,,,C,0,,,,,,,,,,,0,0,0,0,0,1,,,0,265,LIABILIT,,0,0,,2000-06-06 14:19:58,2004-02-12 10:21:00,NEURAY,,,0,,0,,0,,,,,SCHILS,2008-07-31 16:32:09,M,,,0,0
453001,0,PRECOMPTE PROFESSIONNEL (v),,,,,,,,0,,,,,,,,,,,0,0,0,0,0,1,,,0,2,,,0,0,,,,,,,0,,0,,0,,,SCHILS,2004-11-02 10:37:19,SCHILS,2007-03-02 10:25:59,A,000,,0,0
454000,0,ONSS,,,,,,,C,0,,,,,,,,,,,0,0,0,0,0,1,,,0,399,LIABILIT,,0,0,,2000-06-06 14:21:27,2004-02-12 10:21:08,NEURAY,,,0,,0,,0,,,,,SCHILS,2008-06-16 12:02:44,M,,,0,0
454001,0,ONSS (v),,,,,,,,0,,,,,,,,,,,0,0,0,0,0,1,,,0,2,,,0,0,,,,,,,0,,0,,0,,,SCHILS,2004-11-02 10:37:50,SCHILS,2007-03-02 10:25:59,A,000,,0,0
455000,0,REMUNERATIONS A PAYER,,,,,,,C,0,,,,,,,,,,,0,0,0,0,0,1,,,0,462,LIABILIT,,0,0,,2000-06-06 14:21:05,2004-02-12 10:21:44,NEURAY,,,0,,0,,0,,,,,SCHILS,2008-07-31 14:33:08,M,,,0,0
456000,0,PROV PR PECULES DE VACANCES,,,,,,,C,0,,,,,,,,,,,0,0,0,0,0,1,,,0,268,LIABILIT,,0,0,,1998-12-26 14:06:24,1998-12-26 14:06:24,NEURAY,,,0,,0,,0,,,,,NEURAY,2007-05-14 16:52:20,M,,,0,0
456001,0,PROVISION PV (v),,,,,,,,0,,,,,,,,,,,0,0,0,0,0,1,,,0,2,,,0,0,,,,,,,0,,0,,0,,,SCHILS,2004-11-02 10:38:19,SCHILS,2007-03-02 10:25:59,A,000,,0,0
456002,0,PROVISION PV (L),,,,,,,,0,,,,,,,,,,,0,0,0,0,0,1,,,0,2,,,0,0,,,,,,,0,,0,,0,,,SCHILS,2004-11-04 17:14:36,SCHILS,2007-03-02 10:25:59,A,000,,0,0
459000,0,Prov Primes fin d'année,,,,,,,,0,,,,,,,,,,,1,0,0,0,0,1,,,0,107,LIABILIT,,0,0,,,,,,,0,,0,,0,,,SCHILS,2006-05-19 10:14:07,SCHILS,2008-06-16 12:03:31,A,000,,0,0
46,1,AVANCES ET ACOMPTES RECUS,,,,,,,,0,,,,,,,,,,,0,0,0,0,0,0,,,0,,LIABILIT,,0,0,,1998-12-26 14:06:24,1998-12-26 14:06:24,NEURAY,,,0,,0,,0,,,,,SCHILS,2007-03-02 10:25:59,M,,,0,0
460000,0,ACOMPTES PROJET OSONS LES LANGUES,,,,,,,,0,,,,,,,,,,,0,0,0,0,0,1,,,0,30,,,0,0,,,,,,,0,,0,,0,,,SCHILS,2004-08-30 12:33:36,SCHILS,2007-03-02 10:25:59,A,000,,0,0
460001,0,AVANCE ET ACPTES RECUS (v),,,,,,,,0,,,,,,,,,,,0,0,0,0,0,1,,,0,5,,,0,0,,,,,,,0,,0,,0,,,SCHILS,2004-11-02 10:35:49,SCHILS,2007-03-02 10:25:59,A,000,,0,0
462000,0,AVANCE FEDER,,,,,,,C,0,,,,,,,,,,,0,0,0,0,0,1,,,0,,LIABILIT,,0,0,,2003-01-16 10:33:18,2004-02-12 10:21:59,NEURAY,,,0,,0,,0,,,,,SCHILS,2007-03-02 10:25:59,M,,,0,0
462100,0,AVANCE SIE INTENDANCE,,,,,,,C,0,,,,,,,,,,,0,0,0,0,0,1,,,0,3,LIABILIT,,0,0,,2003-01-29 15:38:54,2004-02-12 10:22:52,NEURAY,,,0,,0,,0,,,,,SCHILS,2007-03-02 10:25:59,M,,,0,0
462200,0,AVANCE SIE TRADUCTIONS,,,,,,,C,0,,,,,,,,,,,1,0,0,0,0,1,,,0,3,LIABILIT,,0,0,,2004-02-12 10:23:19,2004-02-12 10:23:32,SCHILS,,,0,,0,,0,,,,,SCHILS,2007-03-02 10:25:59,M,,,0,0
462300,0,AVANCE PLATO 400 (2007),,,,,,,C,0,,,,,,,,,,,1,0,0,0,0,1,,,0,271,LIABILIT,,0,0,,2004-02-12 10:23:54,2004-02-12 10:24:04,SCHILS,,,0,,0,,0,,,,,NEURAY,2007-05-14 16:52:20,M,,,0,0
462301,0,Avances plato à ventiler,,,,,,,,0,,,,,,,,,,,0,0,0,0,0,1,,,0,5,LIABILIT,,0,0,,,,,,,0,,0,,0,,,SCHILS,2006-07-12 14:54:11,SCHILS,2007-03-02 10:25:59,A,000,,0,0
462400,0,AVANCE IREG,,,,,,,C,0,,,,,,,,,,,0,0,0,0,0,0,,,0,,LIABILIT,,0,0,,2004-02-12 10:24:10,2004-02-12 10:24:23,SCHILS,,,0,,0,,0,,,,,SCHILS,2007-03-02 10:25:59,M,,,0,0
463000,0,CREDITEURS DIVERS,,,,,,,C,0,,,,,,,,,,,0,0,0,0,0,1,,,0,1027,LIABILIT,AVANCE CLIENTS (2ème PAYT),0,0,,1998-12-26 14:06:24,2004-02-12 10:24:49,NEURAY,,,0,,0,,0,,,,,SCHILS,2008-07-29 14:20:13,M,,,0,0
463002,0,VERSEMENTS CLIENTS NON JUSTIFIES (L),,,,,,,,0,,,,,,,,,,,0,0,0,0,0,1,,,0,4,,,0,0,,,,,,,0,,0,,0,,,SCHILS,2004-11-04 17:11:02,SCHILS,2007-03-02 10:25:59,A,000,,0,0
464000,0,AVANCE JEUNES ENTREPRISES (L),,,,,,,,0,,,,,,,,,,,0,0,0,0,0,1,,,0,2,,,0,0,,,,,,,0,,0,,0,,,SCHILS,2004-08-30 11:30:41,SCHILS,2007-03-02 10:25:59,A,000,,0,0
469000,0,CAUTIONS CARNETS ATA,,,,031,,,C,0,,,,,,,,,,,0,0,0,0,0,1,,,0,304,LIABILIT,500 F par CARNET ATA,0,0,,1998-12-26 14:06:24,1998-12-26 14:06:24,NEURAY,,,0,,0,,0,,,,,SCHILS,2007-08-21 10:32:15,M,,,0,0
469002,0,CAUTIONS CARNETS ATA (L),,,,,,,,0,,,,,,,,,,,0,0,0,0,0,1,,,0,2,,,0,0,,,,,,,0,,0,,0,,,SCHILS,2004-11-04 17:13:16,SCHILS,2007-03-02 10:25:59,A,000,,0,0
47,1,DETTES DESTINATION DU RESULTAT,,,,,,,,0,,,,,,,,,,,0,0,0,0,0,0,,,0,,LIABILIT,,0,0,,1998-12-26 14:06:24,1998-12-26 14:06:24,NEURAY,,,0,,0,,0,,,,,SCHILS,2007-03-02 10:25:59,M,,,0,0
48,1,DETTES DIVERSES,,,,,,,,0,,,,,,,,,,,0,0,0,0,0,0,,,0,,LIABILIT,,0,0,,1998-12-26 14:06:24,1998-12-26 14:06:24,NEURAY,,,0,,0,,0,,,,,SCHILS,2007-03-02 10:25:59,M,,,0,0
481000,0,C/C CCILg,,,,,,,,0,,,,,,,,,,,0,0,0,0,0,1,,,0,317,,,0,0,,,,,,,0,,0,,0,,,SCHILS,2004-08-30 11:42:37,SCHILS,2008-04-14 11:10:12,A,000,,0,0
482000,0,C/C CCIAV,,,,,,,,0,,,,,,,,,,,0,0,0,0,0,1,,,0,315,,,0,0,,,,,,,0,,0,,0,,,SCHILS,2004-09-01 16:47:54,SCHILS,2008-02-21 15:23:31,A,000,,0,0
483000,0,AVANCE ENERGY,,,,,,,,0,,,,,,,,,,,0,0,0,0,0,0,,,0,1,LIABILIT,,0,0,,,,,,,0,,0,,0,,,SCHILS,2007-01-31 14:47:15,SCHILS,2007-03-02 10:25:59,A,000,,0,0
488000,0,CAUTIONS RECUES EN NUMERAIRE,,,,,,,,0,,,,,,,,,,,0,0,0,0,0,1,,,0,4,LIABILIT,,0,0,,,,,,,0,,0,,0,,,SCHILS,2004-08-30 11:33:16,SCHILS,2007-03-02 10:25:59,A,000,,0,0
488002,0,CAUTIONS RECUES EN NUMERAIRE (L),,,,,,,,0,,,,,,,,,,,0,0,0,0,0,1,,,0,2,,,0,0,,,,,,,0,,0,,0,,,SCHILS,2004-11-04 17:15:51,SCHILS,2007-03-02 10:25:59,A,000,,0,0
49,1,CPTES REGULARISATION/D'ATTENTE,,,,,,,,0,,,,,,,,,,,0,0,0,0,0,0,,,0,,ASSETS,,0,0,,1998-12-26 14:06:24,1998-12-26 14:06:24,NEURAY,,,0,,0,,0,,,,,SCHILS,2007-03-02 10:25:59,M,,,0,0
490000,0,CHARGES A REPORTER,,,,,,,,0,,,,,,,,,,,0,0,0,0,0,1,,,0,413,ASSETS,,0,0,,1998-12-26 14:06:24,1998-12-26 14:06:24,NEURAY,,,0,,0,,0,,,,,SCHILS,2008-07-31 15:32:05,M,,,0,0
490001,0,CHARGES A REPORTER (v),,,,,,,,0,,,,,,,,,,,0,0,0,0,0,1,,,0,3,,,0,0,,,,,,,0,,0,,0,,,SCHILS,2004-11-02 09:57:42,SCHILS,2007-03-02 10:25:59,A,000,,0,0
490002,0,CHARGES A REPORTER (L),,,,,,,,0,,,,,,,,,,,0,0,0,0,0,1,,,0,10,,,0,0,,,,,,,0,,0,,0,,,SCHILS,2004-11-04 17:02:35,SCHILS,2007-03-02 10:25:59,A,000,,0,0
490100,0,PRODUITS ACQUIS,,,,,,,,0,,,,,,,,,,,0,0,0,0,0,1,,,0,12,,,0,0,,,,,,,0,,0,,0,,,SCHILS,2004-08-30 12:24:28,SCHILS,2008-06-16 11:55:18,A,000,,0,0
491000,0,PRODUITS A RECEVOIR HORS PROJETS,,,,,,,,0,,,,,,,,,,,0,0,1,0,0,1,,,0,3,ASSETS,,0,0,,2001-02-23 12:27:58,2004-02-13 13:55:12,SCHILS,,,0,,0,,0,,,,,SCHILS,2007-03-02 10:25:59,M,,,0,0
491100,0,APE EX ACS A RECEVOIR,,,,,,,,0,,,,,,,,,,,0,0,0,0,0,1,,,0,2,,,0,0,,,,,,,0,,0,,0,,,SCHILS,2004-11-15 10:01:22,SCHILS,2007-03-02 10:25:59,A,000,,0,0
492000,0,Charges à imputer,,,,,,,,0,,,,,,,,,,,0,0,0,0,0,1,,,0,349,,,0,0,,,,,,,0,,0,,0,,,SCHILS,2004-08-30 18:54:37,SCHILS,2008-06-16 11:55:27,A,000,,0,0
492001,0,CHARGES A IMPUTER (v),,,,,,,,0,,,,,,,,,,,0,0,0,0,0,1,,,0,2,,,0,0,,,,,,,0,,0,,0,,,SCHILS,2004-11-02 10:38:52,SCHILS,2007-03-02 10:25:59,A,000,,0,0
492002,0,CHARGES A IMPUTER (L),,,,,,,,0,,,,,,,,,,,0,0,0,0,0,1,,,0,5,,,0,0,,,,,,,0,,0,,0,,,SCHILS,2004-11-04 16:50:01,SCHILS,2007-03-02 10:25:59,A,000,,0,0
493000,0,PRODUITS A REPORTER,,,,,,,,0,,,,,,,,,,,0,0,0,0,0,1,,,0,258,ASSETS,,0,0,,1998-12-26 14:06:24,1998-12-26 14:06:24,NEURAY,,,0,,0,,0,,,,,SCHILS,2008-07-31 15:32:12,M,,,0,0
493010,0,PLATO REPORT,,,,,,,,0,,,,,,,,,,,0,0,0,0,0,1,,,0,2,,,0,0,,,,,,,0,,0,,0,,,SCHILS,2004-08-16 09:52:47,SCHILS,2007-03-02 10:25:59,A,000,,0,0
493100,0,COTISATIONS AN+1,,,,,,,C,0,,,,,,,,,,,0,0,0,0,0,1,,,0,334,ASSETS,COTISATIONS à REPORTER AN+1,0,0,,1998-12-26 14:06:24,1998-12-26 14:06:24,NEURAY,,,0,,0,,0,,,,,NEURAY,2007-05-14 16:52:21,M,,,0,0
493200,0,PUB A REPORTER,,,,,,,C,0,,,,,,,,,,,1,0,0,0,0,1,,,0,3,,,0,0,,2002-01-08 14:58:02,2004-02-12 10:57:47,NEURAY,,,0,,0,,0,,,,,SCHILS,2007-03-02 10:25:59,M,,,0,0
493300,0,ABTS DIVERS A REPORTER,,,,,,,C,0,,,,,,,,,,,1,0,0,0,0,0,,,0,,,,0,0,,2004-02-12 10:57:53,2004-02-12 10:58:08,SCHILS,,,0,,0,,0,,,,,SCHILS,2007-03-02 10:25:59,M,,,0,0
493340,0,REPORT PLATO ( 2007) + PROVPLATO,,,,,,,,0,,,,,,,,,,,0,0,0,0,0,1,,,0,328,,,0,0,,2004-06-29 09:48:46,2004-06-29 09:48:53,SCHILS,,,0,,0,,0,,,,,SCHILS,2008-01-22 12:24:13,M,,,0,0
499000,0,COMPTES D'ATTENTE COMPTABIL.,,,,,,,,0,,,,,,,,,,,0,0,0,0,0,1,,,0,10,ASSETS,COMPTABILITE,0,0,,1998-12-26 14:06:24,1998-12-26 14:06:24,NEURAY,,,0,,0,,0,,,,,SCHILS,2007-03-02 10:25:59,M,,,0,0
499001,0,COMPTES REGUL CCILV (v),,,,,,,,0,,,,,,,,,,,0,0,0,0,0,1,,,0,5,,,0,0,,,,,,,0,,0,,0,,,SCHILS,2004-11-02 10:00:44,SCHILS,2007-03-02 10:25:59,A,000,,0,0
5,1,COMPTES FINANCIERS,,,,,,,,0,,,,,,,,,,,0,0,0,0,0,0,,,0,,ASSETS,,0,0,,1998-12-26 14:06:24,1998-12-26 14:06:24,NEURAY,,,0,,0,,0,,,,,SCHILS,2007-03-02 10:25:59,M,,,0,0
51,1,ACTIONS ET PARTS,,,,,,,,0,,,,,,,,,,,0,0,0,0,0,0,,,0,,ASSETS,,0,0,,1998-12-26 14:06:24,1998-12-26 14:06:24,NEURAY,,,0,,0,,0,,,,,SCHILS,2007-03-02 10:25:59,M,,,0,0
510000,0,ING LIQ SICAV,,,,,,,,0,,,,,,,,,,,0,0,0,0,0,0,,,0,1,ASSETS,,0,0,,,,,,,0,,0,,0,,,SCHILS,2008-03-18 13:51:12,SCHILS,2008-03-18 13:51:12,A,000,,0,0
53,1,PLACEMENTS A TERMES,,,,,,,,0,,,,,,,,,,,0,0,0,0,0,0,,,0,1,ASSETS,,0,0,,,,,,,0,,0,,0,,,SCHILS,2005-02-18 09:56:30,SCHILS,2007-03-02 10:25:59,A,000,,0,0
530000,0,Placements à Terme,,,,,,,,0,,,,,,,,,,,0,0,0,0,0,1,,,0,384,ASSETS,,0,0,,,,,,,0,,0,,0,,,SCHILS,2005-02-18 09:57:29,SCHILS,2007-08-28 14:14:04,A,000,,0,0
55,1,ETABLISSEMENTS DE CREDIT,,,,,,,,0,,,,,,,,,,,0,0,0,0,0,0,,,0,,ASSETS,,0,0,,1998-12-26 14:06:24,1998-12-26 14:06:24,NEURAY,,,0,,0,,0,,,,,SCHILS,2007-03-02 10:25:59,M,,,0,0
550000,0,ING,,,,,FINANC,,,0,,,,,,,,,,,1,0,0,0,0,1,,,0,2,ASSETS,,1,0,,1998-12-26 14:06:24,2004-02-13 14:37:55,NEURAY,,,0,,0,,0,,,,,SCHILS,2007-11-07 08:23:29,M,,,0,0
550001,0,ING00,,,,,FINANC,,,0,,,,,,,,,,,0,0,0,0,0,0,,,0,,,,0,0,,2004-03-22 09:13:04,2004-03-22 09:13:27,SCHILS,,,0,,0,,0,,,,,SCHILS,2007-11-07 08:23:29,M,,,0,0
550100,0,FORTIS,,,,,FINANC,,,0,,,,,,,,,,,1,0,0,0,0,0,,,0,,ASSETS,,0,0,,2004-02-12 12:19:39,2004-02-12 12:19:53,SCHILS,,,0,,0,,0,,,,,SCHILS,2007-11-07 08:23:29,M,,,0,0
550101,0,GENERALE DE BANQUE,,,,,,,,0,,,,,,,,,,,0,0,0,0,0,1,,,0,32,,,0,0,,,,,,,0,,0,,0,,,SCHILS,2004-08-30 12:17:19,SCHILS,2007-03-02 10:25:59,A,000,,0,0
550110,0,FORTIS FEDER,,,,,FINANC,,,0,,,,,,,,,,,0,0,0,0,0,0,,,0,,ASSETS,,0,0,,2004-02-12 14:24:23,2004-02-13 14:04:18,SCHILS,,,0,,0,,0,,,,,SCHILS,2007-11-07 08:23:29,M,,,0,0
550120,0,FORTIS IREG,,,,,FINANC,,,0,,,,,,,,,,,0,0,0,0,0,0,,,0,,ASSETS,,0,0,,2004-02-12 12:20:06,2004-02-13 14:04:23,SCHILS,,,0,,0,,0,,,,,SCHILS,2007-11-07 08:23:29,M,,,0,0
550150,0,FEDER 2000/2006,,,,,,,,0,,,,,,,,,,,0,0,0,0,0,1,,,0,34,,,0,0,,,,,,,0,,0,,0,,,SCHILS,2004-08-30 12:17:53,SCHILS,2007-03-02 10:25:59,A,000,,0,0
550200,0,CBC -  732-0138832-76,,,,,FINANC,,,0,,,,,,,,,,,0,0,0,0,0,1,,,0,36,ASSETS,,0,0,,,,,,,0,,0,,0,,,SCHILS,2004-08-30 12:18:16,SCHILS,2007-11-07 08:23:29,A,000,,0,0
550201,0,CBC OPTIMUM,,,,,,,,0,,,,,,,,,,,0,0,0,0,0,1,,,0,1,ASSETS,,0,0,,,,,,,0,,0,,0,,,SCHILS,2008-04-24 10:59:05,SCHILS,2008-05-16 08:40:36,A,000,,0,0
550300,0,CREDIT GENERAL CC,,,,,,,,0,,,,,,,,,,,0,0,0,0,0,1,,,0,38,,,0,0,,,,,,,0,,0,,0,,,SCHILS,2004-08-30 12:18:37,SCHILS,2007-03-02 10:25:59,A,000,,0,0
550500,0,NAGELMACKERS CC,,,,,,,,0,,,,,,,,,,,0,0,0,0,0,1,,,0,40,,,0,0,,,,,,,0,,0,,0,,,SCHILS,2004-08-30 12:19:44,SCHILS,2007-03-02 10:25:59,A,000,,0,0
550600,0,ING C/C Liege,,,,,,,,0,,,,,,,,,,,0,0,0,0,0,1,,,0,4,ASSETS,,0,0,,,,,,,0,,0,,0,,,SCHILS,2004-10-07 08:53:02,SCHILS,2007-03-02 10:25:59,A,000,,0,0
550650,0,ING C/C Verviers,,,,,,,,0,,,,,,,,,,,0,0,0,0,0,1,,,0,2,ASSETS,,0,0,,,,,,,0,,0,,0,,,SCHILS,2004-10-07 08:53:14,SCHILS,2007-03-02 10:25:59,A,000,,0,0
550700,0,CGER CC,,,,,,,,0,,,,,,,,,,,0,0,0,0,0,1,,,0,42,,,0,0,,,,,,,0,,0,,0,,,SCHILS,2004-08-30 12:20:01,SCHILS,2007-03-02 10:25:59,A,000,,0,0
550801,0,BACOB,,,,,,,,0,,,,,,,,,,,0,0,0,0,0,1,,,0,44,,,0,0,,,,,,,0,,0,,0,,,SCHILS,2004-08-30 12:20:17,SCHILS,2007-03-02 10:25:59,A,000,,0,0
550870,0,PETERCAM,,,,,,,,0,,,,,,,,,,,0,0,0,0,0,1,,,0,46,,,0,0,,,,,,,0,,0,,0,,,SCHILS,2004-08-30 12:20:38,SCHILS,2007-03-02 10:25:59,A,000,,0,0
551200,0,LIVRET ING,,,,,,,,0,,,,,,,,,,,0,0,0,0,0,1,,,0,48,,,0,0,,,,,,,0,,0,,0,,,SCHILS,2004-08-30 11:22:44,SCHILS,2007-03-02 10:25:59,A,000,,0,0
560000,0,CCP,,,,,,,,0,,,,,,,,,,,0,0,0,0,0,1,,,0,50,,,0,0,,,,,,,0,,0,,0,,,SCHILS,2004-08-30 12:20:53,SCHILS,2007-03-02 10:25:59,A,000,,0,0
561000,0,ING FEDER,,,,,,,,0,,,,,,,,,,,0,0,0,0,0,1,,,0,52,,,0,0,,,,,,,0,,0,,0,,,SCHILS,2004-08-30 11:23:31,SCHILS,2007-03-02 10:25:59,A,000,,0,0
562000,0,CCP,,,,,FINANC,,,0,,,,,,,,,,,1,0,0,0,0,1,,,0,1,ASSETS,,0,0,,1998-12-26 14:06:24,2004-02-12 12:19:35,NEURAY,,,0,,0,,0,,,,,SCHILS,2007-11-07 08:23:29,M,,,0,0
570000,0,Caisse Chantale Cool,,,,,FINANC,,,0,,,,,,,,,,,0,0,0,0,0,1,,,0,1,ASSETS,,0,0,,1998-12-26 14:06:24,2002-03-12 11:16:02,NEURAY,,,0,,0,,0,,,,,SCHILS,2007-11-07 08:23:29,M,,,0,0
570001,0,CAISSE,,,,,,,,0,,,,,,,,,,,0,0,0,0,0,1,,,0,54,,,0,0,,,,,,,0,,0,,0,,,SCHILS,2004-08-30 12:23:29,SCHILS,2007-03-02 10:25:59,A,000,,0,0
571000,0,Caisse S Hohlstamm,,,,,FINANC,,,0,,,,,,,,,,,0,0,0,0,0,1,,,0,1,ASSETS,,0,0,,1998-12-26 14:06:24,2004-02-12 12:20:40,NEURAY,,,0,,0,,0,,,,,SCHILS,2007-11-07 08:23:29,M,,,0,0
573000,0,Caisse Patricia Schils,,,,,FINANC,,,0,,,,,,,,,,,1,0,0,0,0,1,,,0,1,ASSETS,,0,0,,1998-12-26 14:06:24,2002-03-12 11:16:13,NEURAY,,,0,,0,,0,,,,,SCHILS,2007-11-07 08:23:29,M,,,0,0
580000,0,VIREMENTS INTERNES,,,,,DEFAULT,,,0,,,,,,,,,,,0,0,0,0,0,1,,,0,955,ASSETS,,0,0,,1998-12-26 14:06:24,2003-05-16 14:25:38,NEURAY,,,0,,0,,0,,,,,SCHILS,2008-08-04 08:49:35,M,,,0,0
580001,0,TRANSFERT COMPTES CCIAV,,,,,,,,0,,,,,,,,,,,0,0,0,0,0,1,,,0,7,,,0,0,,,,,,,0,,0,,0,,,SCHILS,2004-11-02 09:56:22,SCHILS,2007-03-02 10:25:59,A,000,,0,0
580002,0,TRANSFERT CCILG,,,,,,,,0,,,,,,,,,,,0,0,0,0,0,1,,,0,9,,,0,0,,,,,,,0,,0,,0,,,SCHILS,2004-11-04 17:00:16,SCHILS,2007-03-02 10:25:59,A,000,,0,0
6,1,COMPTES DE CHARGES,,,,,,,,0,,,,,,,,,,,0,0,1,0,0,0,,,0,,EXPENSE,,0,0,,1998-12-26 14:06:24,1998-12-26 14:06:24,NEURAY,,,0,,0,,0,,,,,SCHILS,2007-03-02 10:25:59,M,,,0,0
60,1,ACHAT DE MARCHANDISES,,,,,,,,0,,,,,,,,,,,0,0,1,0,0,0,,,0,,EXPENSE,,0,0,,1998-12-26 14:06:24,2000-04-03 14:21:57,NEURAY,,,0,,0,,0,,,,,SCHILS,2007-03-02 10:25:59,M,,,0,0
601000,0,BIENS & SERVICE - INFOS,,,,,,,D,1,,,,,,,,,,,0,0,0,0,0,1,,,0,588,EXPENSE,,0,0,,2004-02-11 14:53:12,2004-03-12 14:14:35,SCHILS,,,1,,1,,1,,,,,SCHILS,2008-07-29 09:54:12,M,,,0,0
601010,0,IMPRESSIONS,,,,,,,D,1,,,,,,,,,,,0,0,0,0,0,1,,,0,533,EXPENSE,,0,0,,2004-02-12 12:21:22,2004-02-12 12:22:09,SCHILS,,,1,,1,,1,,,,,SCHILS,2008-05-19 16:34:45,M,,,0,0
601020,0,GRAPHISME,,,,,,,,1,,,,,,,,,,,0,0,0,0,0,1,,,0,144,EXPENSE,,0,0,,2004-02-12 15:14:06,2004-02-13 14:04:37,SCHILS,,,1,,1,,1,,,,,SCHILS,2008-05-19 16:34:45,M,,,0,0
601030,0,MAILINGS,,,,,,,D,1,,,,,,,,,,,0,0,0,0,0,1,,,0,154,EXPENSE,,0,0,,2004-02-12 12:23:39,2004-03-12 14:14:42,SCHILS,,,1,,1,,1,,,,,SCHILS,2008-05-19 16:34:45,M,,,0,0
601100,0,CATERING,,,,,,,D,1,,,,,,,,,,,0,0,0,0,0,1,,,0,554,EXPENSE,,0,0,,2004-02-12 12:24:05,2004-02-12 12:24:19,SCHILS,,,1,,1,,1,,,,,SCHILS,2008-05-19 16:34:45,M,,,0,0
601140,0,DEBOURS AMBASSADES,,,,,,,,1,,,,,,,,,,,0,0,1,0,0,1,,,0,3,EXPENSE,,0,0,,2004-03-04 16:06:04,2004-03-04 16:06:32,SCHILS,,,1,RI,1,AMB,1,NFIN,,,,SCHILS,2008-05-19 16:34:45,M,,,0,0
601200,0,LOCATION SALLE & MATERIEL,,,,,,,D,1,,,,,,,,,,,0,0,0,0,0,0,,,0,,EXPENSE,,0,0,,2004-02-12 12:24:19,2004-02-12 14:11:22,SCHILS,,,1,,1,,1,,,,,SCHILS,2008-05-19 16:34:45,M,,,0,0
601300,0,ORATEURS/FORMATEURS,,,,,,,D,1,,,,,,,,,,,0,0,1,0,0,1,,,0,354,EXPENSE,,0,0,,2004-02-12 12:24:38,2004-02-12 12:24:57,SCHILS,,,1,,1,,1,,,,,SCHILS,2008-05-19 16:34:45,M,,,0,0
601800,0,FRAIS ADMINISTRATIFS,,,,,,,,1,,,,,,,,,,,0,0,1,0,0,1,,,0,2,,,0,0,,2004-03-08 15:16:11,2004-05-17 10:11:20,SCHILS,,,1,,1,,1,,,,,SCHILS,2008-05-19 16:34:45,M,,,0,0
601850,0,ACHAT PR REVENTE,,,,,,,,1,,,,,,,,,,,0,0,0,0,0,0,,,0,,,,0,0,,2004-03-24 11:47:35,2004-05-17 10:13:08,SCHILS,,,1,,1,NFIN,1,NFIN,,,,SCHILS,2008-05-19 16:34:45,M,,,0,0
61,1,BIENS ET SERVICES DIVERS,,,,,,,,0,,,,,,,,,,,0,0,1,0,0,0,,,0,,EXPENSE,,0,0,,1998-12-26 14:06:24,2000-04-26 12:50:37,NEURAY,,,0,,0,,0,,,,,SCHILS,2007-03-02 10:26:00,M,,,0,0
610,1,LOYERS ET CHARGES LOCATIVES,,,,,,,,0,,,,,,,,,,,0,0,1,0,0,0,,,0,,EXPENSE,,0,0,,1998-12-26 14:06:24,2000-04-26 12:50:47,NEURAY,,,0,,0,,0,,,,,SCHILS,2007-03-02 10:26:00,M,,,0,0
610100,0,LOYER VERVIERS,,,,,,,D,1,,,,,,,,,,,0,0,0,0,0,1,,,0,562,EXPENSE,,0,0,,2004-02-12 12:25:31,2004-02-12 12:26:12,SCHILS,,,1,ADM,1,SITEVERVI,1,NFIN,,,,SCHILS,2008-05-19 16:34:45,M,,,0,0
610200,0,LOYER LIEGE,,,,,,,D,1,,,,,,,,,,,0,0,0,0,0,1,,,0,145,EXPENSE,,0,0,,2004-02-12 12:25:43,2004-02-12 12:26:09,SCHILS,,,1,ADM,1,SITELIEGE,1,NFIN,,,,SCHILS,2008-05-19 16:34:45,M,,,0,0
611,1,ENTRETIEN ET REPARATIONS,,,,,,,,0,,,,,,,,,,,0,0,1,0,0,0,,,0,,EXPENSE,,0,0,,1998-12-26 14:06:24,2004-01-26 16:39:14,NEURAY,,,0,,0,,0,,,,,SCHILS,2007-03-02 10:26:00,M,,,0,0
611100,0,ENTR/REPAR SITE VERVIERS,,,,,,,D,1,,,,,,,,,,,0,0,0,0,0,1,,,0,205,EXPENSE,,0,0,,2004-02-12 12:26:27,2004-02-12 12:26:47,SCHILS,,,1,ADM,1,SITEVERVI,1,NFIN,,,,SCHILS,2008-05-19 16:34:45,M,,,0,0
611110,0,ENTRET/REPAR MATERIEL VERVIERS,,,,,,,D,1,,,,,,,,,,,0,0,0,0,0,1,,,0,2,EXPENSE,,0,0,,2004-02-12 12:27:06,2004-02-12 12:27:23,SCHILS,,,1,ADM,1,SITEVERVI,1,NFIN,,,,SCHILS,2008-05-19 16:34:45,M,,,0,0
611111,0,ELECTRICITE,,,,,,,D,1,,,,,,,,,,,0,0,0,0,0,0,,,0,,,,0,0,,2004-04-16 09:49:34,2004-04-16 09:49:45,SCHILS,,,1,ADM,1,SITEVERVI,1,NFIN,,,,SCHILS,2008-05-19 16:34:45,M,,,0,0
611120,0,ENTRET/REPAR MATERIEL LIEGE,,,,,,,D,1,,,,,,,,,,,0,0,0,0,0,0,,,0,,EXPENSE,,0,0,,2004-02-12 12:27:23,2004-02-12 12:27:38,SCHILS,,,1,ADM,1,SITELIEGE,1,NFIN,,,,SCHILS,2008-05-19 16:34:45,M,,,0,0
611200,0,ENTRET/REPAR SITE LIEGE,,,,,,,D,1,,,,,,,,,,,0,0,0,0,0,1,,,0,562,EXPENSE,,0,0,,2004-02-12 12:26:47,2004-02-12 12:27:06,SCHILS,,,1,ADM,1,SITELIEGE,1,NFIN,,,,SCHILS,2008-05-19 16:34:45,M,,,0,0
612,1,FOURNITURES DE BUREAU,,,,,,,,0,,,,,,,,,,,0,0,1,0,0,0,,,0,,EXPENSE,,0,0,,1998-12-26 14:06:24,2004-02-12 12:28:03,NEURAY,,,0,,0,,0,,,,,SCHILS,2007-03-02 10:26:00,M,,,0,0
612000,0,FOURNITURES DE BUREAU,,,,,,,D,1,,,,,,,,,,,0,0,0,0,0,1,,,0,585,EXPENSE,,0,0,,2004-02-12 15:16:00,2004-02-13 14:04:57,SCHILS,,,1,,1,,1,,,,,SCHILS,2008-05-19 16:34:45,M,,,0,0
612010,0,TELEPHONE ET FAX,,,,,,,D,1,,,,,,,,,,,0,0,0,0,0,1,,,0,609,EXPENSE,,0,0,,2004-02-12 12:28:08,2004-03-31 10:22:37,SCHILS,,,1,,1,,1,,,,,SCHILS,2008-05-19 16:34:45,M,,,0,0
612100,0,LEASINGS COPIEUR+INFORMATIQUE,,,,,,,D,1,,,,,,,,,,,0,0,0,0,0,1,,,0,606,,,0,0,,2004-04-16 09:52:56,2004-04-16 10:55:32,SCHILS,,,1,ADM,1,NFIN,1,NFIN,,,,SCHILS,2008-05-19 16:34:45,M,,,0,0
612400,0,FRAIS POSTAUX,,,,,,,D,1,,,,,,,,,,,0,0,0,0,0,1,,,0,248,EXPENSE,,0,0,,2004-02-12 12:28:20,2004-02-13 14:05:04,SCHILS,,,1,,1,,1,,,,,SCHILS,2008-05-19 16:34:45,M,,,0,0
613,1,HONORAIRES,,,,,,,,0,,,,,,,,,,,0,0,1,0,0,0,,,0,,EXPENSE,,0,0,,1998-12-26 14:06:24,2004-04-29 13:48:43,NEURAY,,,0,,0,,0,,,,,SCHILS,2007-03-02 10:26:00,M,,,0,0
613000,0,HONORAIRES,,,,,,A,D,1,,,,,,,,,,,0,0,0,0,0,1,,,0,672,EXPENSE,,0,0,,2004-02-12 15:16:45,2004-04-01 13:55:19,SCHILS,,,1,,1,,1,,,,,SCHILS,2008-06-09 15:42:46,M,,,0,0
613010,0,HONORAIRES GAG 281,,,,,,A,D,1,,,,,,,,,,,0,0,0,0,0,0,,,0,,EXPENSE,,0,0,,2004-02-12 12:28:50,2004-02-12 14:55:05,SCHILS,,,1,PUBLIC,1,GAG,1,NFIN,,,,SCHILS,2008-05-19 16:34:45,M,,,0,0
613011,0,COMMISSIONS GAG,,,,,,A,,1,,,,,,,,,,,0,0,0,0,0,0,,,0,1,EXPENSE,,0,0,,,,,,,1,PUBLIC,1,GAG,1,NFIN,,SCHILS,2006-05-19 14:44:39,SCHILS,2008-06-09 08:56:39,A,000,,0,0
613200,0,COTISATIONS DIVERSES,,,,,,,D,1,,,,,,,,,,,0,0,0,0,0,1,,,0,593,EXPENSE,,0,0,,2004-02-12 12:29:19,2004-02-12 12:29:32,SCHILS,,,1,,1,,1,,,,,SCHILS,2008-05-19 16:34:45,M,,,0,0
613300,0,CADEAUX / SPONSORING,,,,,,,D,1,,,,,,,,,,,0,0,0,0,0,1,,,0,253,EXPENSE,,0,0,,2004-02-12 12:29:41,2004-02-12 12:29:51,SCHILS,,,1,,1,NFIN,1,NFIN,,,,SCHILS,2008-05-19 16:34:45,M,,,0,0
613350,0,CATERING PERSONNEL CCI,,,,,,,D,1,,,,,,,,,,,0,0,0,0,0,1,,,0,674,EXPENSE,,0,0,,2004-02-12 12:29:58,2004-03-12 11:45:25,SCHILS,,,1,,1,,1,,,,,SCHILS,2008-07-29 10:30:24,M,,,0,0
614,1,ASSURANCES DIVERSES HORS PERSONNEL,,,,,,,D,0,,,,,,,,,,,0,0,1,0,0,0,,,0,,EXPENSE,,0,0,,1998-12-26 14:06:24,2004-04-29 13:49:32,NEURAY,,,0,,0,,0,,,,,SCHILS,2007-03-02 10:26:00,M,,,0,0
614000,0,ASSURANCES DIVERSES HORS PERSONNEL,,,,,,,D,1,,,,,,,,,,,0,0,0,0,0,1,,,0,698,,,0,0,,2004-02-13 14:14:36,2004-03-18 14:56:53,SCHILS,,,1,,1,,1,,,,,SCHILS,2008-05-19 16:34:45,M,,,0,0
615,1,TRANSPORTS ET DEPLACEMENTS,,,,,,,,0,,,,,,,,,,,0,0,0,0,0,0,,,0,,EXPENSE,,0,0,,1998-12-26 14:06:24,2004-04-29 13:49:39,NEURAY,,,0,,0,,0,,,,,SCHILS,2007-03-02 10:26:00,M,,,0,0
615000,0,TRANSPORTS ET DEPLACEMENTS,,,,,,,D,1,,,,,,,,,,,0,0,0,0,0,1,,,0,736,EXPENSE,,0,0,,2004-02-12 15:17:42,2004-03-16 11:21:59,SCHILS,,,1,,1,,1,,,,,SCHILS,2008-05-19 16:34:45,M,,,0,0
615100,0,Franchises autos,,,,,,,,1,,,,,,,,,,,0,0,0,0,0,1,,,0,1,EXPENSE,,0,0,,,,,,,1,,1,,1,,,SCHILS,2007-02-13 13:46:17,SCHILS,2008-05-19 16:34:45,A,000,,0,0
615200,0,FRAIS DE PORT,,,,,,,D,1,,,,,,,,,,,0,0,1,0,0,0,,,0,,EXPENSE,,0,0,,2004-02-12 12:30:39,2004-02-12 12:30:49,SCHILS,,,1,ADM,1,NFIN,1,NFIN,,,,SCHILS,2008-05-19 16:34:45,M,,,0,0
616000,0,PUBLICITE GENERAL,,,,,,,D,1,,,,,,,,,,,0,0,0,0,0,1,,,0,3,EXPENSE,,0,0,,2004-02-12 15:18:38,2004-04-19 09:41:44,SCHILS,,,1,,1,,1,,,,,SCHILS,2008-05-19 16:34:45,M,,,0,0
616100,0,FRAIS DE REPRESENTATION,,,,,,,D,1,,,,,,,,,,,0,0,0,0,0,1,,,0,750,EXPENSE,,0,0,,2004-02-12 12:31:14,2004-06-10 13:45:30,SCHILS,,,1,,1,,1,,,,,SCHILS,2008-05-19 16:34:45,M,,,0,0
617000,0,DOCUMENTATION ABONNEMENTS,,,,,,,D,1,,,,,,,,,,,0,0,0,0,0,1,,,0,743,EXPENSE,,0,0,,2004-02-12 15:19:11,2004-03-18 15:59:44,SCHILS,,,1,,1,,1,,,,,SCHILS,2008-05-19 16:34:45,M,,,0,0
617100,0,FORMATION PERSONNEL,,,,,,,D,1,,,,,,,,,,,0,0,0,0,0,1,,,0,567,EXPENSE,,0,0,,2004-02-12 12:31:52,2004-04-16 16:50:09,SCHILS,,,1,,1,,1,,,,,SCHILS,2008-05-19 16:34:45,M,,,0,0
62,1,PERSONNEL ASSURANCES,,,,,,,,0,,,,,,,,,,,0,0,1,0,0,0,,,0,,EXPENSE,,0,0,,1998-12-26 14:06:24,2004-02-12 12:32:22,NEURAY,,,0,,0,,0,,,,,SCHILS,2007-03-02 10:26:00,M,,,0,0
620000,0,APPOINTEMENTS,,,,,,,,1,,,,,,,,,,,0,0,0,0,0,1,,,0,757,EXPENSE,,0,0,,2004-02-12 12:32:31,2004-02-12 12:32:52,SCHILS,,,1,,1,NFIN,1,NFIN,,,,SCHILS,2008-05-19 16:34:45,M,,,0,0
620001,0,Avantage nature auto,,,,,,,,1,,,,,,,,,,,0,0,0,0,0,0,,,0,,,,0,0,,,,,,,1,,1,,1,,,SCHILS,2006-04-07 09:38:50,SCHILS,2008-05-19 16:34:45,A,000,,0,0
620010,0,PRIMES,,,,,,,,1,,,,,,,,,,,0,0,0,0,0,1,,,0,1,EXPENSE,,0,0,,,,,,,1,,1,,1,,,SCHILS,2006-04-07 09:42:36,SCHILS,2008-05-19 16:34:45,A,000,,0,0
620120,0,PECULE DE VACANCE,,,,,,,,1,,,,,,,,,,,0,0,0,0,0,1,,,0,1,EXPENSE,,0,0,,,,,,,1,,1,,1,,,SCHILS,2006-04-07 09:43:09,SCHILS,2008-05-19 16:34:45,A,000,,0,0
620200,0,INTERVENTION ACTIVA (DIMINUT CHARGES°,,,,,,,,1,,,,,,,,,,,0,0,1,0,0,1,,,0,2,EXPENSE,,0,0,,2004-02-12 12:32:52,2004-02-12 12:33:17,SCHILS,,,1,,1,NFIN,1,NFIN,,,,SCHILS,2008-05-19 16:34:45,M,,,0,0
620210,0,INTERVENTION ACTIVA,,,,,,,,1,,,,,,,,,,,0,0,0,0,0,0,,,0,,,,0,0,,2004-05-26 11:34:21,2004-05-26 11:46:46,SCHILS,,,1,,1,NFIN,1,NFIN,,,,SCHILS,2008-05-19 16:34:45,M,,,0,0
620211,0,DEDUCTION STRUCTURELLE,,,,,,,,1,,,,,,,,,,,0,0,0,0,0,0,,,0,,,,0,0,,,,,,,1,,1,,1,,,SCHILS,2006-02-06 16:51:15,SCHILS,2008-05-19 16:34:45,A,000,,0,0
620212,0,REDUCTIONS TRAV. AGES,,,,,,,,1,,,,,,,,,,,0,0,0,0,0,0,,,0,,,,0,0,,,,,,,1,,1,,1,,,SCHILS,2006-02-06 16:51:39,SCHILS,2008-05-19 16:34:45,A,000,,0,0
620213,0,REDUC PR JEUNES TRAVAILLEURS,,,,,,,,1,,,,,,,,,,,0,0,0,0,0,0,,,0,1,EXPENSE,,0,0,,,,,,,1,EVENEM,1,,1,,,SCHILS,2006-10-13 14:10:27,SCHILS,2008-05-19 16:34:45,A,000,,0,0
620300,0,INTERVENTION APE 5 (EX ACS),,,,,,,,1,,,,,,,,,,,0,0,0,0,0,1,,,0,7,EXPENSE,,0,0,,2004-02-12 12:33:17,2004-02-12 12:33:35,SCHILS,,,1,,1,,1,,,,,SCHILS,2008-05-19 16:34:45,M,,,0,0
620500,0,CHEQUE ALE,,,,,,,,1,,,,,,,,,,,0,0,0,0,0,1,,,0,276,EXPENSE,,0,0,,2004-02-12 12:33:35,2004-02-12 12:33:47,SCHILS,,,1,ADM,1,NFIN,1,NFIN,,,,SCHILS,2008-05-19 16:34:45,M,,,0,0
621000,0,COTIS PATRONALE S/ASS GROUPE,,,,,,,,1,,,,,,,,,,,0,0,0,0,0,0,,,0,,EXPENSE,,0,0,,2004-02-12 12:33:47,2004-02-12 12:34:03,SCHILS,,,1,ADM,1,NFIN,1,NFIN,,,,SCHILS,2008-05-19 16:34:45,M,,,0,0
621110,0,ONSS PATRONALE,,,,,,,,1,,,,,,,,,,,0,0,0,0,0,1,,,0,759,,,0,0,,2004-05-26 10:05:46,2004-05-26 10:05:52,SCHILS,,,1,,1,NFIN,1,NFIN,,,,SCHILS,2008-05-19 16:34:45,M,,,0,0
621200,0,CHARGES PATRONALES ONSS EMPLOYES,,,,,,,,1,,,,,,,,,,,0,0,0,0,0,0,,,0,,,,0,0,,2004-02-12 12:34:03,2004-02-13 14:06:43,SCHILS,,,1,,1,NFIN,1,NFIN,,,,SCHILS,2008-05-19 16:34:45,M,,,0,0
623100,0,ASSURANCES DU PERSONNEL,,,,,,,,1,,,,,,,,,,,0,0,0,0,0,1,,,0,772,EXPENSE,,0,0,,2004-02-12 12:34:20,2004-03-16 15:52:12,SCHILS,,,1,,1,,1,,,,,SCHILS,2008-05-19 16:34:45,M,,,0,0
623210,0,AVANTAGE EN NATURE VEHICULE,,,,,,,,1,,,,,,,,,,,0,0,0,0,0,1,,,0,768,,,0,0,,,,,,,1,,1,NFIN,1,NFIN,,SCHILS,2004-08-25 16:41:53,SCHILS,2008-05-19 16:34:45,A,000,,0,0
623500,0,INTERIMAIRES,,,,,,,,1,,,,,,,,,,,0,0,0,0,0,1,,,0,2,,,0,0,,2004-02-12 12:34:34,2004-04-16 16:12:48,SCHILS,,,1,,1,,1,,,,,SCHILS,2008-05-19 16:34:45,M,,,0,0
623600,0,CHARGES DE REMUNERATIONS DIVERSES,,,,,,,,1,,,,,,,,,,,0,0,0,0,0,1,,,0,2,EXPENSE,,0,0,,,,,,,1,,1,,1,,,SCHILS,2004-11-15 16:08:01,SCHILS,2008-05-19 16:34:45,A,000,,0,0
623700,0,Remboursement frais propres,,,,,,,,1,,,,,,,,,,,0,0,0,0,0,1,,,0,3,,,0,0,,,,,,,1,,1,NFIN,1,NFIN,,SCHILS,2005-02-08 18:19:44,SCHILS,2008-05-19 16:34:45,A,000,,0,0
623900,0,FRAIS PROPRES A L'EMPLOYEUR,,,,,,,,1,,,,,,,,,,,0,0,0,0,0,1,,,0,495,EXPENSE,,0,0,,2004-02-12 12:34:41,2004-05-26 11:00:26,SCHILS,,,1,,1,NFIN,1,NFIN,,,,SCHILS,2008-05-19 16:34:45,M,,,0,0
624000,0,Provision Pécule de vacances,,,,,,,,1,,,,,,,,,,,0,0,0,0,0,1,,,0,3,,,0,0,,,,,,,1,ADM,1,NFIN,1,NFIN,,SCHILS,2005-02-08 13:29:53,SCHILS,2008-05-19 16:34:45,A,000,,0,0
624100,0,Reprise Pécule de vacances,,,,,,,,1,,,,,,,,,,,0,0,0,0,0,1,,,0,2,,,0,0,,,,,,,1,ADM,1,NFIN,1,NFIN,,SCHILS,2005-02-08 13:29:13,SCHILS,2008-05-19 16:34:45,A,000,,0,0
624300,0,Reprise prov intéressement,,,,,,,,1,,,,,,,,,,,0,0,0,0,0,1,,,0,2,EXPENSE,,0,0,,,,,,,1,ADM,1,NFIN,1,NFIN,,SCHILS,2006-09-19 09:11:22,SCHILS,2008-05-19 16:34:45,A,000,,0,0
626000,0,Prov primes fin d'année,,,,,,,,1,,,,,,,,,,,0,0,0,0,0,1,,,0,208,EXPENSE,,0,0,,,,,,,1,,1,,1,,,SCHILS,2006-05-19 10:15:24,SCHILS,2008-05-19 16:34:45,A,000,,0,0
63,1,"AMORTIS.,RED.VAL.,PROV. PR RIS",,,,,,,,0,,,,,,,,,,,0,0,1,0,0,0,,,0,,EXPENSE,,0,0,,1998-12-26 14:06:24,1998-12-26 14:06:24,NEURAY,,,0,,0,,0,,,,,SCHILS,2007-03-02 10:26:00,M,,,0,0
630200,0,DOTAT° AMORT IMMOB. CORPORELLES,,,,,,,,1,,,,,,,,,,,0,0,0,0,0,1,,,0,929,,,0,0,,2004-02-12 12:35:17,2004-04-16 16:13:14,SCHILS,,,1,,1,,1,,,,,SCHILS,2008-05-19 16:34:45,M,,,0,0
634000,0,REDUCTIONS DE VALEURS,,,,,,,,1,,,,,,,,,,,0,0,0,0,0,1,,,0,838,,,0,0,,2004-02-12 12:35:29,2004-02-12 12:35:39,SCHILS,,,1,ADM,1,NFIN,1,NFIN,,,,SCHILS,2008-05-19 16:34:45,M,,,0,0
634001,0,DOT RED VAL (60-90 JOURS),,,,,,,,1,,,,,,,,,,,0,0,0,0,0,0,,,0,,,,0,0,,,,,,,1,ADM,1,NFIN,1,NFIN,,SCHILS,2006-02-06 16:28:51,SCHILS,2008-05-19 16:34:45,A,000,,0,0
634100,0,REPRISE RDV S/CLIENTS,,,,,,,,1,,,,,,,,,,,0,0,0,0,0,1,,,0,411,,,0,0,,,,,,,1,ADM,1,NFIN,1,NFIN,,SCHILS,2005-09-13 14:53:57,SCHILS,2008-05-19 16:34:45,A,000,,0,0
636000,0,DOTAT° PROV REPARAT°/AMENAGEMENT,,,,,,,,1,,,,,,,,,,,0,0,0,0,0,0,,,0,,EXPENSE,,0,0,,2004-02-12 12:35:39,2004-02-12 12:35:57,SCHILS,,,1,,1,,1,,,,,SCHILS,2008-05-19 16:34:45,M,,,0,0
637000,0,DOTAT° PROV RISQUES/CHARGES,,,,,,,,1,,,,,,,,,,,0,0,0,0,0,0,,,0,,,,0,0,,2004-02-12 12:35:57,2004-02-12 12:36:12,SCHILS,,,1,,1,,1,,,,,SCHILS,2008-05-19 16:34:45,M,,,0,0
637100,0,reprise prov risques et charges,,,,,,,,1,,,,,,,,,,,0,0,0,0,0,0,,,0,1,EXPENSE,,0,0,,,,,,,1,,1,,1,,,SCHILS,2008-03-25 14:11:45,SCHILS,2008-05-19 16:34:45,A,000,,0,0
638000,0,DOTAT° PROV PR ACTIVITES,,,,,,,,1,,,,,,,,,,,0,0,0,0,0,0,,,0,,,,0,0,,2004-02-12 12:36:12,2004-02-12 12:36:24,SCHILS,,,1,,1,,1,,,,,SCHILS,2008-05-19 16:34:45,M,,,0,0
639000,0,DOTAT° PROV CREANCES DOUTEUSES,,,,,,,,1,,,,,,,,,,,0,0,0,0,0,0,,,0,,,,0,0,,2004-02-12 12:36:24,2004-02-12 12:36:38,SCHILS,,,1,,1,,1,,,,,SCHILS,2008-05-19 16:34:45,M,,,0,0
64,1,AUTRES CHARGES D'EXPLOITATION,,,,,,,,0,,,,,,,,,,,0,0,1,0,0,0,,,0,,EXPENSE,,0,0,,1998-12-26 14:06:24,1998-12-26 14:06:24,NEURAY,,,0,,0,,0,,,,,SCHILS,2007-03-02 10:26:00,M,,,0,0
640100,0,TVA NON DEDUCT S/INVEST,,,,,,,,1,,,,,,,,,,,0,0,0,0,0,0,,,0,1,EXPENSE,,0,0,,,,,,,1,ADM,1,NFIN,1,NFIN,,SCHILS,2007-01-31 14:04:36,SCHILS,2008-05-19 16:34:45,A,000,,0,0
640500,0,TVA NON DEDUCTIBLE,,,,,VATDEF,,,1,,,,,,,,,,,0,0,0,0,0,0,,,0,,,,0,0,,2004-02-12 13:22:44,2004-02-12 13:22:53,SCHILS,,,1,ADM,1,NFIN,1,NFIN,,,,SCHILS,2008-05-19 16:34:45,M,,,0,0
640600,0,TAXES DIVERSES,,,,,,,,1,,,,,,,,,,,0,0,0,0,0,1,,,0,836,EXPENSE,,0,0,,2004-02-12 13:22:53,2004-03-18 15:07:07,SCHILS,,,1,,1,,1,,,,,SCHILS,2008-05-19 16:34:45,M,,,0,0
642000,0,MOINS VALUE S/CREANCES CIALES,,,,,,,,1,,,,,,,,,,,0,0,0,0,0,1,,,0,,,,0,0,,2004-02-12 13:23:04,2004-02-12 13:23:17,SCHILS,,,1,ADM,1,NFIN,1,NFIN,,,,SCHILS,2008-05-19 16:34:45,M,,,0,0
643000,0,CHARGES D'EXPLOITATIONS DIVERSES,,,,,,,,1,,,,,,,,,,,0,0,0,0,0,0,,,0,,,,0,0,,2004-02-12 13:23:26,2004-02-12 13:23:36,SCHILS,,,1,,1,,1,,,,,SCHILS,2008-05-19 16:34:45,M,,,0,0
644000,0,Amendes (Perte),,,,,DEFAULT,,,1,,,,,,,,,,,0,0,0,0,0,1,,,0,2,,,0,0,,2004-02-20 11:44:44,2004-02-20 11:44:45,SCHILS,,,1,,1,NFIN,1,NFIN,,,,SCHILS,2008-05-19 16:34:45,M,,,0,0
65,1,CHARGES FINANCIERES,,,,,,,,0,,,,,,,,,,,0,0,1,0,0,0,,,0,,EXPENSE,,0,0,,1998-12-26 14:06:24,1998-12-26 14:06:24,NEURAY,,,0,,0,,0,,,,,SCHILS,2007-03-02 10:26:00,M,,,0,0
650000,0,Intérêts,,,,,,,,1,,,,,,,,,,,0,0,0,0,0,1,,,0,412,ASSETS,,0,0,,2004-04-19 12:03:36,2004-04-19 12:03:44,SCHILS,,,1,ADM,1,NFIN,1,NFIN,,,,SCHILS,2008-05-19 16:34:45,M,,,0,0
650100,0,FRAIS BANCAIRES,,,,,DEFAULT,,,1,,,,,,,,,,,0,0,0,0,0,1,,,0,930,EXPENSE,,0,0,,2004-02-12 13:23:45,2004-02-12 13:23:54,SCHILS,,,1,ADM,1,NFIN,1,NFIN,,,,SCHILS,2008-05-19 16:34:45,M,,,0,0
650200,0,INTERETS FINANCEMENT,,,,,,,,1,,,,,,,,,,,0,0,1,0,0,1,,,0,2,EXPENSE,,0,0,,,,,,,1,EVENEM,1,NFIN,1,NFIN,,SCHILS,2004-11-05 09:38:18,SCHILS,2008-05-19 16:34:45,A,000,,0,0
650201,0,INTERETS FINANCEMENT VW JML,,,,,,,,1,,,,,,,,,,,0,0,0,0,0,1,,,0,1,EXPENSE,,0,0,,,,,,,1,EVENEM,1,NFIN,1,NFIN,,SCHILS,2004-11-05 09:38:42,SCHILS,2008-05-19 16:34:45,A,000,,0,0
650202,0,INTERETS FINANCEMENT RENAULT PO,,,,,,,,1,,,,,,,,,,,0,0,0,0,0,1,,,0,5,EXPENSE,,0,0,,,,,,,1,ADM,1,NFIN,1,NFIN,,SCHILS,2004-11-05 09:39:04,SCHILS,2008-05-19 16:34:45,A,000,,0,0
650203,0,INTERETS FINANCEMENT GOLF GB,,,,,,,,1,,,,,,,,,,,0,0,0,0,0,1,,,0,416,EXPENSE,,0,0,,,,,,,1,ENVIRO,1,NFIN,1,NFIN,,SCHILS,2004-11-05 09:39:23,SCHILS,2008-05-19 16:34:45,A,000,,0,0
650204,0,INTERETS FINANCEMENT RENAULT PN,,,,,,,,1,,,,,,,,,,,0,0,0,0,0,1,,,0,414,EXPENSE,,0,0,,,,,,,1,PATRO,1,NFIN,1,NFIN,,SCHILS,2004-11-05 09:39:58,SCHILS,2008-05-19 16:34:45,A,000,,0,0
650205,0,INTERETS FINANCEMENT POLO EF,,,,,,,,1,,,,,,,,,,,0,0,0,0,0,1,,,0,1,EXPENSE,,0,0,,,,,,,1,FORMAT,1,NFIN,1,NFIN,,SCHILS,2004-11-05 09:40:19,SCHILS,2008-05-19 16:34:45,A,000,,0,0
650206,0,INTERETS FINANCEMENT RENAULT JPT,,,,,,,,1,,,,,,,,,,,0,0,0,0,0,1,,,0,1,EXPENSE,,0,0,,,,,,,1,PUBLIC,1,NFIN,1,NFIN,,SCHILS,2004-11-05 13:14:00,SCHILS,2008-06-19 14:59:36,A,000,,0,0
650207,0,INTERETS FINANCEMENT ALFA XC,,,,,,,,1,,,,,,,,,,,0,0,0,0,0,0,,,0,,,,0,0,,,,,,,1,ADM,1,NFIN,1,NFIN,,SCHILS,2004-11-05 13:48:26,SCHILS,2008-05-19 16:34:45,A,000,,0,0
650208,0,INTERETS FINANCEMENT ALFA MS,,,,,,,,1,,,,,,,,,,,0,0,0,0,0,0,,,0,,,,0,0,,,,,,,1,PUBLIC,1,GAG,1,NFIN,,SCHILS,2005-02-09 10:04:33,SCHILS,2008-06-19 14:59:08,A,000,,0,0
650209,0,INTERET FINANCEMENT AUDI MP,,,,,,,,1,,,,,,,,,,,0,0,1,0,0,1,,,0,,ASSETS,,0,0,,,,,,,1,MEMBER,1,NFIN,1,NFIN,,SCHILS,2005-08-18 09:58:21,SCHILS,2008-06-19 14:59:15,A,000,,0,0
650210,0,INTERET FINANC COMMER,,,,,,,,1,,,,,,,,,,,0,0,0,0,0,0,,,0,1,EXPENSE,,0,0,,,,,,,1,,1,,1,,,SCHILS,2008-01-24 08:45:41,SCHILS,2008-05-19 16:34:45,A,000,,0,0
650211,0,INTERET FINANCE PVDM,,,,,,,,1,,,,,,,,,,,0,0,0,0,0,1,,,0,1,EXPENSE,,0,0,,,,,,,1,,1,,1,,,SCHILS,2008-01-24 08:46:34,SCHILS,2008-06-16 16:46:36,A,000,,0,0
653000,0,DIFFERENCES DE PAIEMENT (-),,,,,DEFAULT,,,1,,,,,,,,,,,0,0,0,0,0,1,,,0,975,EXPENSE,,0,0,,2004-02-12 13:23:54,2004-02-20 11:47:28,SCHILS,,,1,ADM,1,NFIN,1,NFIN,,,,SCHILS,2008-05-19 16:34:45,M,,,0,0
654000,0,DIFFERENCES DE CHANGE (-),,,,,DEFAULT,,,1,,,,,,,,,,,0,0,0,0,0,0,,,0,,,,0,0,,2004-02-20 11:43:39,2004-02-20 11:47:41,SCHILS,,,1,ADM,1,NFIN,1,NFIN,,,,SCHILS,2008-05-19 16:34:45,M,,,0,0
655000,0,INTERETS DE RETARD (-),,,,,DEFAULT,,,1,,,,,,,,,,,0,0,0,0,0,0,,,0,,,,0,0,,2004-02-20 11:45:11,2004-02-20 11:47:49,SCHILS,,,1,ADM,1,NFIN,1,NFIN,,,,SCHILS,2008-05-19 16:34:45,M,,,0,0
656000,0,INT S/FINANCEMENT VOITURES,,,,,,,,1,,,,,,,,,,,0,0,0,0,0,0,,,0,,,,0,0,,2004-02-12 13:24:12,2004-04-16 16:13:41,SCHILS,,,1,,1,NFIN,1,NFIN,,,,SCHILS,2008-05-19 16:34:45,M,,,0,0
657000,0,ESCOMPTE (-),,,,,DEFAULT,,,1,,,,,,,,,,,0,0,0,0,0,1,,,0,421,,,0,0,,2004-02-20 11:41:54,2004-02-20 11:47:55,SCHILS,,,1,ADM,1,NFIN,1,NFIN,,,,SCHILS,2008-05-19 16:34:45,M,,,0,0
66,1,CHARGES EXCEPTIONNELLES,,,,,,,,0,,,,,,,,,,,0,0,1,0,0,0,,,0,,EXPENSE,,0,0,,1998-12-26 14:06:24,1998-12-26 14:06:24,NEURAY,,,0,,0,,0,,,,,SCHILS,2007-03-02 10:26:00,M,,,0,0
660000,0,CHARGES EXCEPTIONNELLES,,,,,,,,1,,,,,,,,,,,0,0,0,0,0,1,,,0,2,,,0,0,,2004-02-12 13:24:48,2004-04-16 16:13:53,SCHILS,,,1,,1,,1,,,,,SCHILS,2008-05-19 16:34:45,M,,,0,0
663000,0,Moins value,,,,,,,,1,,,,,,,,,,,0,0,0,0,0,0,,,0,1,EXPENSE,,0,0,,,,,,,1,,1,,1,,,SCHILS,2007-02-19 16:32:09,SCHILS,2008-05-19 16:34:45,A,000,,0,0
665000,0,CHARGES EXCERCICES ANTERIEURS,,,,,,,,1,,,,,,,,,,,0,0,0,0,0,1,,,0,973,,,0,0,,2004-02-12 13:24:54,2004-04-16 16:14:03,SCHILS,,,1,,1,,1,,,,,SCHILS,2008-05-19 16:34:45,M,,,0,0
666000,0,Autres charges exceptionnelles,,,,,,,,1,,,,,,,,,,,0,0,0,0,0,0,,,0,,,,0,0,,2004-02-12 13:25:16,2004-02-12 13:25:26,SCHILS,,,1,,1,NFIN,1,NFIN,,,,SCHILS,2008-05-19 16:34:45,M,,,0,0
691000,0,AFFECTATION DU RESULTAT,,,,,,,,0,,,,,,,,,,,0,0,0,0,0,0,,,0,,,,0,0,,2004-02-12 13:25:39,2004-02-12 13:25:49,SCHILS,,,0,,0,,0,,,,,SCHILS,2007-03-02 10:26:00,M,,,0,0
7,1,COMPTES DE PRODUITS,,,,,,,,0,,,,,,,,,,,0,0,1,0,0,0,,,0,,INCOME,,0,0,,1998-12-26 14:06:24,1998-12-26 14:06:24,NEURAY,,,0,,0,,0,,,,,SCHILS,2007-03-02 10:26:00,M,,,0,0
70,1,CHIFFRE D'AFFAIRES,,,,,,,,0,,,,,,,,,,,0,0,1,0,0,0,,,0,,INCOME,,0,0,,1998-12-26 14:06:24,1998-12-26 14:06:24,NEURAY,,,0,,0,,0,,,,,SCHILS,2007-03-02 10:26:00,M,,,0,0
700000,0,PUBLICATIONS,,,,,,,,1,,,,,,,,,,,0,0,0,0,0,1,,,0,563,INCOME,,0,0,,,,,,,1,,1,,1,,,SCHILS,2005-03-17 13:31:14,SCHILS,2008-05-19 16:34:45,A,000,,0,0
701000,0,AUTRES PUB,,,,,,,C,1,,,,,,,,,,,0,0,0,0,0,1,,,0,994,,,0,0,,2004-02-12 13:26:05,2004-02-12 13:26:22,SCHILS,,,1,PUBLIC,1,NFIN,1,NFIN,,,,SCHILS,2008-05-19 16:34:45,M,,,0,0
701010,0,PUB G & R - PD,,,,,,,C,1,,,,,,,,,,,0,0,0,0,0,1,,,0,1036,,,0,0,,2004-02-12 13:26:22,2004-02-12 13:26:43,SCHILS,,,1,PUBLIC,1,GAG,1,NFIN,,,,SCHILS,2008-05-19 16:34:45,M,,,0,0
701020,0,PUB G & R JML/MS,,,,,,,C,1,,,,,,,,,,,0,0,0,0,0,0,,,0,,,,0,0,,2004-02-12 13:26:43,2004-03-08 15:38:30,SCHILS,,,1,PUBLIC,1,GAG,1,NFIN,,,,SCHILS,2008-05-19 16:34:45,M,,,0,0
701060,0,G & R Annonces - vente magazine,,,,,,,C,1,,,,,,,,,,,0,0,1,0,0,0,,,0,,,,0,0,,2004-02-12 13:27:01,2004-02-12 13:27:16,SCHILS,,,1,PUBLIC,1,GAG,1,NFIN,,,,SCHILS,2008-05-19 16:34:45,M,,,0,0
701100,0,ABONNEMENTS FAILLITES,,,,,,,C,1,,,,,,,,,,,0,0,1,0,0,0,,,0,,,,0,0,,2004-02-12 13:27:16,2004-02-12 13:27:32,SCHILS,,,1,PUBLIC,1,FAILLI,1,NFIN,,,,SCHILS,2008-05-19 16:34:45,M,,,0,0
701110,0,ABONNEMENTS PROTETS,,,,,,,C,1,,,,,,,,,,,0,0,1,0,0,0,,,0,,LIABILIT,,0,0,,2004-02-12 13:27:33,2004-02-12 13:27:52,SCHILS,,,1,PUBLIC,1,FAILLI,1,NFIN,,,,SCHILS,2008-05-19 16:34:45,M,,,0,0
701200,0,PUB SITE + MAIL HEBDO,,,,,,,C,1,,,,,,,,,,,0,0,1,0,0,0,,,0,,,,0,0,,2004-02-12 13:27:52,2004-02-12 13:28:05,SCHILS,,,1,PUBLIC,1,PUBSIT,1,NFIN,,,,SCHILS,2008-05-19 16:34:45,M,,,0,0
701300,0,CD ROM,,,,,,,C,1,,,,,,,,,,,0,0,1,0,0,0,,,0,,,,0,0,,2004-02-12 13:28:05,2004-02-12 13:28:17,SCHILS,,,1,PUBLIC,1,CD,1,NFIN,,,,SCHILS,2008-05-19 16:34:45,M,,,0,0
701310,0,CD ROM MISE A JOUR,,,,,,,C,1,,,,,,,,,,,0,0,1,0,0,0,,,0,,,,0,0,,2004-02-12 13:28:17,2004-02-12 13:28:29,SCHILS,,,1,PUBLIC,1,CD,1,NFIN,,,,SCHILS,2008-05-19 16:34:45,M,,,0,0
701400,0,PUB REPERTOIRE DES MEMBRES,,,,,,,C,1,,,,,,,,,,,0,0,1,0,0,0,,,0,,,,0,0,,2004-02-12 13:28:29,2004-02-12 13:28:42,SCHILS,,,1,PUBLIC,1,REPERT,1,NFIN,,,,SCHILS,2008-05-19 16:34:45,M,,,0,0
701500,0,INFOS DIVERSES-VENTE LISTES-SWAP,,,,,,,C,1,,,,,,,,,,,0,0,1,0,0,0,,,0,,,,0,0,,2004-02-12 13:28:42,2004-03-11 14:06:04,SCHILS,,,1,RI,1,SWAP,1,NFIN,,,,SCHILS,2008-05-19 16:34:45,M,,,0,0
701550,0,AUTRES PUBLICATIONS,,,,,,,,1,,,,,,,,,,,0,0,1,0,0,0,,,0,,,,0,0,,2004-03-11 14:01:37,2004-03-11 14:01:44,SCHILS,,,1,PUBLIC,1,NFIN,1,NFIN,,,,SCHILS,2008-05-19 16:34:45,M,,,0,0
701600,0,JOIGNEZ V/MAILING...,,,,,,,C,1,,,,,,,,,,,0,0,0,0,0,1,,,0,2,,,0,0,,2004-03-05 10:27:44,2004-03-05 10:28:06,SCHILS,,,1,PUBLIC,1,MAIL,1,NFIN,,,,SCHILS,2008-05-19 16:34:45,M,,,0,0
702000,0,MANIFESTATIONS,,,,,,,,1,,,,,,,,,,,0,0,0,0,0,1,,,0,1197,INCOME,,0,0,,,,,,,1,EVENEM,1,,1,,,SCHILS,2005-03-17 15:58:15,SCHILS,2008-05-19 16:34:45,A,000,,0,0
702100,0,BCM,,,,,,,C,1,,,,,,,,,,,0,0,0,0,0,1,,,0,1208,,,0,0,,2004-02-12 13:28:55,2004-02-12 13:29:04,SCHILS,,,1,EVENEM,1,,1,NFIN,,,,SCHILS,2008-05-19 16:34:45,M,,,0,0
702200,0,CARROUSELS,,,,,,,,1,,,,,,,,,,,0,0,1,0,0,0,,,0,,LIABILIT,,0,0,,2004-02-12 15:22:12,2004-02-13 13:59:25,SCHILS,,,1,EVENEM,1,,1,NFIN,,,,SCHILS,2008-05-19 16:34:45,M,,,0,0
702300,0,GRANDES INTERVIEWS,,,,,,,C,1,,,,,,,,,,,0,0,1,0,0,0,,,0,,,,0,0,,2004-02-12 13:29:04,2004-02-12 13:29:20,SCHILS,,,1,EVENEM,1,INTERV,1,NFIN,,,,SCHILS,2008-05-19 16:34:45,M,,,0,0
702400,0,FORUM INITIATIVES,,,,,,,C,1,,,,,,,,,,,0,0,0,0,0,1,,,0,2,,,0,0,,2004-02-12 13:29:20,2004-02-12 13:29:32,SCHILS,,,1,EVENEM,1,INIT,1,NFIN,,,,SCHILS,2008-05-19 16:34:45,M,,,0,0
702500,0,AUTRES MANIFESTATIONS,,,,,,,C,1,,,,,,,,,,,0,0,0,0,0,1,,,0,770,,,0,0,,2004-02-12 13:29:32,2004-02-12 13:29:42,SCHILS,,,1,EVENEM,1,BICENT,1,NFIN,,,,SCHILS,2008-05-19 16:34:45,M,,,0,0
703000,0,LEGALISATIONS,,,,,,,,1,,,,,,,,,,,0,0,0,0,0,1,,,0,1,INCOME,,0,0,,,,,,,1,RI,1,,1,,,SCHILS,2005-03-17 13:52:28,SCHILS,2008-05-19 16:34:45,A,000,,0,0
703110,0,CERTIFICATS D'ORIGINE,,,,,,,C,1,,,,,,,,,,,0,0,1,0,0,1,,,0,3,,,0,0,,2004-02-12 13:29:42,2004-02-12 13:29:53,SCHILS,,,1,RI,1,CO,1,NFIN,,,,SCHILS,2008-05-19 16:34:45,M,,,0,0
703120,0,LEGALISATIONS DIVERSES,,,,,,,C,1,,,,,,,,,,,0,0,1,0,0,1,,,0,4,,,0,0,,2004-02-12 13:29:53,2004-02-12 13:30:04,SCHILS,,,1,RI,1,CO,1,NFIN,,,,SCHILS,2008-05-19 16:34:45,M,,,0,0
703130,0,CARNETS ATA,,,,,,,C,1,,,,,,,,,,,0,0,0,0,0,1,,,0,2,,,0,0,,2004-02-12 13:30:04,2004-02-12 13:30:13,SCHILS,,,1,RI,1,ATA,1,NFIN,,,,SCHILS,2008-05-19 16:34:45,M,,,0,0
703140,0,LEGALISATIONS AMBASSADES,,,,,,,C,1,,,,,,,,,,,0,0,1,0,0,1,,,0,3,,,0,0,,2004-02-12 13:30:13,2004-02-12 13:30:25,SCHILS,,,1,RI,1,AMB,1,NFIN,,,,SCHILS,2008-05-19 16:34:45,M,,,0,0
703150,0,BELSIGN,,,,,,,C,1,,,,,,,,,,,0,0,1,0,0,1,,,0,2,,,0,0,,2004-02-12 13:30:25,2004-02-12 13:30:34,SCHILS,,,1,RI,1,BELSIG,1,NFIN,,,,SCHILS,2008-05-19 16:34:45,M,,,0,0
703160,0,TRADUCTIONS,,,,,,,C,1,,,,,,,,,,,0,0,1,0,0,1,,,0,2,,,0,0,,2004-02-12 13:30:34,2004-02-12 13:30:43,SCHILS,,,1,RI,1,TRADUC,1,NFIN,,,,SCHILS,2008-05-19 16:34:45,M,,,0,0
703161,0,INTERVENTION AWEX TRADUCTIONS,,,,,,,,1,,,,,,,,,,,0,0,1,0,0,1,,,0,2,,,0,0,,2004-02-12 13:30:43,2004-02-12 13:30:58,SCHILS,,,1,RI,1,TRADUC,1,NFIN,,,,SCHILS,2008-05-19 16:34:45,M,,,0,0
703170,0,SWAP,,,,,,,,1,,,,,,,,,,,0,0,0,0,0,1,,,0,4,,,0,0,,2004-04-15 14:47:43,2004-04-15 14:48:23,SCHILS,,,1,RI,1,SWAP,1,NFIN,,,,SCHILS,2008-05-19 16:34:45,M,,,0,0
703180,0,FORMATIONS RI,,,,,,,,1,,,,,,,,,,,0,0,1,0,0,1,,,0,1,INCOME,,0,0,,,,,,,1,RI,1,RELINT,1,NFIN,,SCHILS,2004-07-26 12:07:27,SCHILS,2008-05-19 16:34:45,A,000,,0,0
703190,0,DEJEUNERS/VISITES RI,,,,,,,,1,,,,,,,,,,,0,0,1,0,0,1,,,0,1,INCOME,,0,0,,,,,,,1,RI,1,,1,,,SCHILS,2004-10-14 11:37:56,SCHILS,2008-05-19 16:34:45,A,000,,0,0
704000,0,AUTRES VENTES DIVERSES,,,,,,,,1,,,,,,,,,,,0,0,0,0,0,1,,,0,1,INCOME,,0,0,,,,,,,1,,1,,1,,,SCHILS,2005-03-17 13:53:38,SCHILS,2008-05-19 16:34:45,A,000,,0,0
704110,0,DOSSIER PERMIS ENVIRONNEMENT,,,,,,,,1,,,,,,,,,,,0,0,0,0,0,1,,,0,2,,,0,0,,2004-02-12 13:31:08,2004-02-12 13:31:18,SCHILS,,,1,ENVIRO,1,PERMIS,1,NFIN,,,,SCHILS,2008-05-19 16:34:45,M,,,0,0
704120,0,DROIT ET DEBOURS,,,,,,,C,1,,,,,,,,,,,0,0,0,0,0,1,,,0,3,,,0,0,,2004-02-12 13:31:18,2004-02-12 13:31:27,SCHILS,,,1,ADM,1,NFIN,1,NFIN,,,,SCHILS,2008-05-19 16:34:45,M,,,0,0
704850,0,VENTES DIVERSES (livres),,,,,,,C,1,,,,,,,,,,,0,0,0,0,0,1,,,0,2,,,0,0,,2004-03-24 11:49:57,2004-03-24 11:56:48,SCHILS,,,1,,1,NFIN,1,NFIN,,,,SCHILS,2008-05-19 16:34:45,M,,,0,0
704860,0,Secrétariat intendance,,,,,,,,1,,,,,,,,,,,0,0,1,0,0,1,,,0,2,INCOME,,0,0,,2004-03-30 12:14:57,2004-03-31 11:20:33,SCHILS,,,1,ADM,1,NFIN,1,NFIN,,,,SCHILS,2008-05-19 16:34:45,M,,,0,0
704870,0,Gestions diverses (Edicov/Federaut/Ecci),,,,,,,,1,,,,,,,,,,,0,0,1,0,0,1,,,0,3,INCOME,,0,0,,2004-03-30 12:15:12,2004-03-31 11:20:49,SCHILS,,,1,ADM,1,,1,NFIN,,,,SCHILS,2008-05-19 16:34:45,M,,,0,0
705,1,FORMATIONS,,,,,,,,0,,,,,,,,,,,0,0,1,0,0,0,,,0,,,,0,0,,2004-02-12 15:24:02,2004-02-13 13:59:14,SCHILS,,,0,FORMAT,0,NFIN,0,NFIN,,,,SCHILS,2007-03-02 10:26:00,M,,,0,0
705000,0,FORMATIONS,,,,,,,,1,,,,,,,,,,,0,0,0,0,0,1,,,0,14,INCOME,,0,0,,,,,,,1,FORMAT,1,NFIN,1,NFIN,,SCHILS,2005-03-17 15:58:34,SCHILS,2008-05-19 16:34:45,A,000,,0,0
705100,0,FORMATIONS MANAGEMENT,,,,,,,,1,,,,,,,,,,,0,0,1,0,0,0,,,0,,,,0,0,,2004-02-12 13:32:08,2004-02-12 13:33:22,SCHILS,,,1,FORMAT,1,MANAG1,1,NFIN,,,,SCHILS,2008-05-19 16:34:45,M,,,0,0
705110,0,FORMATIONS RESSOURCES HUMAINES,,,,,,,,1,,,,,,,,,,,0,0,0,0,0,1,,,0,4,,,0,0,,2004-02-12 13:32:14,2004-02-12 13:33:18,SCHILS,,,1,FORMAT,1,MANAG4,1,NFIN,,,,SCHILS,2008-05-19 16:34:45,M,,,0,0
705120,0,FORMATIONS MARKETING,,,,,,,,1,,,,,,,,,,,0,0,1,0,0,0,,,0,,,,0,0,,2004-02-12 13:32:28,2004-02-12 13:33:13,SCHILS,,,1,FORMAT,1,,1,NFIN,,,,SCHILS,2008-05-19 16:34:45,M,,,0,0
705130,0,FORMATIONS INTRA ENTREPRISES,,,,,,,,1,,,,,,,,,,,0,0,1,0,0,0,,,0,,,,0,0,,2004-02-12 13:32:35,2004-02-12 13:33:08,SCHILS,,,1,FORMAT,1,ENTREP,1,NFIN,,,,SCHILS,2008-05-19 16:34:45,M,,,0,0
705200,0,FORMATIONS ENVIRONNEMENT,,,,,,,,1,,,,,,,,,,,0,0,1,0,0,0,,,0,,,,0,0,,2004-02-12 13:32:44,2004-02-12 13:33:00,SCHILS,,,1,FORMAT,1,ENV,1,FORET,,,,SCHILS,2008-05-19 16:34:45,M,,,0,0
705400,0,FORMATION EXPERIENTIELLE,,,,,,,,1,,,,,,,,,,,0,0,0,0,0,1,,,0,2,,,0,0,,2004-02-12 13:33:44,2004-03-11 14:03:00,SCHILS,,,1,FORMAT,1,EXPERI,1,NFIN,,,,SCHILS,2008-05-19 16:34:45,M,,,0,0
705450,0,AUTRES FORMATIONS,,,,,,,,1,,,,,,,,,,,0,0,1,0,0,0,,,0,,,,0,0,,2004-03-11 14:03:02,2004-03-11 14:03:09,SCHILS,,,1,FORMAT,1,,1,NFIN,,,,SCHILS,2008-05-19 16:34:45,M,,,0,0
705500,0,PLATO MANAGEMENT 300,,,,,,,,1,,,,,,,,,,,0,0,1,0,0,0,,,0,,,,0,0,,2004-02-12 13:33:51,2004-03-11 14:07:21,SCHILS,,,1,FORMAT,1,PLATO,1,NFIN,,,,SCHILS,2008-05-19 16:34:45,M,,,0,0
7056,1,FOCUS THEMATIQUES,,,,,,,,0,,,,,,,,,,,0,0,0,0,0,0,,,0,,,,0,0,,2004-02-12 15:24:59,2004-03-05 10:45:36,SCHILS,,,0,FORMAT,0,NFIN,0,NFIN,,,,SCHILS,2007-03-02 10:26:00,M,,,0,0
705610,0,COACHING,,,,,,,,1,,,,,,,,,,,0,0,1,0,0,1,,,0,3,,,0,0,,2004-02-12 13:34:09,2004-02-12 13:34:20,SCHILS,,,1,FORMAT,1,COACH,1,NFIN,,,,SCHILS,2008-05-19 16:34:45,M,,,0,0
705620,0,GESTION RESSOURCES HUMAINES,,,,,,,,1,,,,,,,,,,,0,0,0,0,0,1,,,0,5,,,0,0,,2004-02-12 13:34:20,2004-02-12 13:34:29,SCHILS,,,1,FORMAT,1,MANAG1,1,NFIN,,,,SCHILS,2008-05-19 16:34:45,M,,,0,0
705621,0,FOCUS RH,,,,,,,,1,,,,,,,,,,,0,0,1,0,0,1,,,0,1,INCOME,,0,0,,,,,,,1,FORMAT,1,NFIN,1,NFIN,,SCHILS,2005-02-24 14:17:29,SCHILS,2008-05-19 16:34:45,A,000,,0,0
705630,0,STRATEGIE,,,,,,,,1,,,,,,,,,,,0,0,1,0,0,1,,,0,2,,,0,0,,2004-02-12 13:34:29,2004-02-12 13:34:38,SCHILS,,,1,FORMAT,1,STRATE,1,NFIN,,,,SCHILS,2008-05-19 16:34:45,M,,,0,0
705640,0,COMMERCIAL,,,,,,,,1,,,,,,,,,,,0,0,0,0,0,1,,,0,2,,,0,0,,2004-02-12 13:34:38,2004-02-12 13:34:47,SCHILS,,,1,FORMAT,1,COMMER,1,NFIN,,,,SCHILS,2008-05-19 16:34:45,M,,,0,0
705650,0,QUALITE ENVIRONNEMENT SECURITE,,,,,,,,1,,,,,,,,,,,0,0,1,0,0,0,,,0,,,,0,0,,2004-02-12 13:34:47,2004-02-12 13:35:05,SCHILS,,,1,FORMAT,1,QUALIT,1,NFIN,,,,SCHILS,2008-05-19 16:34:45,M,,,0,0
705660,0,LOGISTIQUE,,,,,,,,1,,,,,,,,,,,0,0,1,0,0,0,,,0,,,,0,0,,2004-02-12 13:35:05,2004-02-13 13:58:40,SCHILS,,,1,FORMAT,1,LOGIS,1,NFIN,,,,SCHILS,2008-05-19 16:34:45,M,,,0,0
705670,0,SECRETAIRES,,,,,,,,1,,,,,,,,,,,0,0,1,0,0,1,,,0,4,,,0,0,,2004-02-12 13:35:13,2004-02-13 13:58:47,SCHILS,,,1,FORMAT,1,SECRET,1,NFIN,,,,SCHILS,2008-05-19 16:34:45,M,,,0,0
705680,0,TOURISME,,,,,,,,1,,,,,,,,,,,0,0,1,0,0,0,,,0,,,,0,0,,2004-02-12 13:35:21,2004-02-12 13:35:28,SCHILS,,,1,FORMAT,1,TOURIS,1,NFIN,,,,SCHILS,2008-05-19 16:34:45,M,,,0,0
705700,0,CLUSTER EAU,,,,,,,,1,,,,,,,,,,,0,0,1,0,0,0,,,0,,,,0,0,,2004-02-12 13:35:28,2004-02-12 13:35:37,SCHILS,,,1,ADM,1,EAU,1,FEDECL,,,,SCHILS,2008-05-19 16:34:45,M,,,0,0
705800,0,PETITS DEJEUNERS,,,,,,,,1,,,,,,,,,,,0,0,0,0,0,1,,,0,2,,,0,0,,2004-02-12 13:35:37,2004-02-12 13:35:47,SCHILS,,,1,FORMAT,1,PTIDEJ,1,NFIN,,,,SCHILS,2008-05-19 16:34:45,M,,,0,0
705900,0,CONFERENCES DIVERSES,,,,,,,,1,,,,,,,,,,,0,0,1,0,0,1,,,0,1,INCOME,,0,0,,,,,,,1,FORMAT,1,,1,,,SCHILS,2004-10-14 11:37:39,SCHILS,2008-05-19 16:34:45,A,000,,0,0
706000,0,HONORAIRES ET PRESTATIONS,,,,,,,,1,,,,,,,,,,,0,0,0,0,0,1,,,0,6,INCOME,,0,0,,,,,,,1,,1,,1,,,SCHILS,2005-03-17 13:53:10,SCHILS,2008-05-19 16:34:45,A,000,,0,0
706020,0,PRESTATIONS INFORMATIQUES,,,,,,,,1,,,,,,,,,,,0,0,1,0,0,0,,,0,,,,0,0,,2004-02-12 13:35:47,2004-02-12 13:35:59,SCHILS,,,1,INFORM,1,NFIN,1,NFIN,,,,SCHILS,2008-05-19 16:34:45,M,,,0,0
706030,0,MAINTENANCE CCI PACK,,,,,,,,1,,,,,,,,,,,0,0,0,0,0,1,,,0,2,,,0,0,,2004-02-12 13:35:59,2004-02-12 13:36:10,SCHILS,,,1,INFORM,1,NFIN,1,NFIN,,,,SCHILS,2008-05-19 16:34:45,M,,,0,0
706600,0,IMMATRICULATION,,,,,,,,1,,,,,,,,,,,0,0,0,0,0,1,,,0,2,,,0,0,,2004-02-12 13:36:21,2004-02-12 13:36:31,SCHILS,,,1,GECCI,1,GECCI,1,NFIN,,,,SCHILS,2008-05-19 16:34:45,M,,,0,0
706610,0,MODIFICATION IMMATRICULATION,,,,,,,,1,,,,,,,,,,,0,0,0,0,0,1,,,0,2,,,0,0,,2004-02-12 13:36:31,2004-02-12 13:36:41,SCHILS,,,1,GECCI,1,GECCI,1,NFIN,,,,SCHILS,2008-05-19 16:34:45,M,,,0,0
706620,0,RADIATION,,,,,,,,1,,,,,,,,,,,0,0,0,0,0,1,,,0,2,,,0,0,,2004-02-12 13:36:41,2004-02-12 13:36:50,SCHILS,,,1,GECCI,1,GECCI,1,NFIN,,,,SCHILS,2008-05-19 16:34:45,M,,,0,0
706630,0,PUBLICATIONS MB,,,,,,,,1,,,,,,,,,,,0,0,0,0,0,1,,,0,2,,,0,0,,2004-02-12 13:36:50,2004-02-12 15:26:48,SCHILS,,,1,GECCI,1,GECCI,1,NFIN,,,,SCHILS,2008-05-19 16:34:45,M,,,0,0
706640,0,TVA,,,,,,,,1,,,,,,,,,,,0,0,0,0,0,1,,,0,2,,,0,0,,2004-02-12 13:37:01,2004-02-12 13:37:08,SCHILS,,,1,GECCI,1,GECCI,1,NFIN,,,,SCHILS,2008-05-19 16:34:45,M,,,0,0
706650,0,EXTRAITS BCE,,,,,,,,1,,,,,,,,,,,0,0,0,0,0,1,,,0,2,,,0,0,,2004-02-12 13:37:08,2004-02-12 13:37:20,SCHILS,,,1,GECCI,1,GECCI,1,NFIN,,,,SCHILS,2008-05-19 16:34:46,M,,,0,0
706660,0,LICENCES AGREATIONS,,,,,,,,1,,,,,,,,,,,0,0,0,0,0,1,,,0,2,,,0,0,,2004-02-12 13:37:20,2004-02-12 13:37:29,SCHILS,,,1,GECCI,1,GECCI,1,NFIN,,,,SCHILS,2008-05-19 16:34:46,M,,,0,0
706670,0,HONORAIRES CONSULTATION,,,,,,,,1,,,,,,,,,,,0,0,0,0,0,1,,,0,2,,,0,0,,2004-02-12 13:37:29,2004-03-11 14:09:31,SCHILS,,,1,GECCI,1,GECCI,1,NFIN,,,,SCHILS,2008-05-19 16:34:46,M,,,0,0
706671,0,Honoraires statuts + MB,,,,,,,,1,,,,,,,,,,,0,0,1,0,0,1,,,0,1,INCOME,,0,0,,,,,,,1,GECCI,1,GECCI,1,NFIN,,SCHILS,2004-09-16 14:13:35,SCHILS,2008-05-19 16:34:46,A,000,,0,0
706672,0,Frais gestion & clôture dossier,,,,,,,,1,,,,,,,,,,,0,0,1,0,0,1,,,0,1,INCOME,,0,0,,,,,,,1,ADM,1,DEBOUR,1,NFIN,,SCHILS,2004-09-16 14:12:45,SCHILS,2008-05-19 16:34:46,A,000,,0,0
707000,0,COTISATIONS,,,,,,,,1,,,,,,,,,,,0,0,0,0,0,1,,,0,11,,,0,0,,2004-02-12 13:37:57,2004-02-12 13:38:07,SCHILS,,,1,MEMBER,1,COT,1,NFIN,,,,SCHILS,2008-05-19 16:34:46,M,,,0,0
708000,0,PRESTATIONS DIVERSES,,,,,,,,1,,,,,,,,,,,0,0,0,0,0,1,,,0,3,,,0,0,,2004-02-12 13:38:07,2004-02-12 13:38:22,SCHILS,,,1,ADM,1,NFIN,1,NFIN,,,,SCHILS,2008-05-19 16:34:46,M,,,0,0
708010,0,RBT COMMUNICATIONS TELEPHONE,,,,,,,,1,,,,,,,,,,,0,0,1,0,0,0,,,0,,,,0,0,,2004-02-12 13:38:22,2004-02-12 13:38:37,SCHILS,,,1,ADM,1,DEBOUR,1,NFIN,,,,SCHILS,2008-05-19 16:34:46,M,,,0,0
708020,0,HONORAIRES +MANDATS ADM.,,,,,,,,1,,,,,,,,,,,0,0,0,0,0,1,,,0,,,,0,0,,2004-02-12 13:38:37,2004-02-12 13:38:47,SCHILS,,,1,ADM,1,NFIN,1,NFIN,,,,SCHILS,2008-07-22 12:22:51,M,,,0,0
708030,0,LOCATION SALLE & MATERIEL BUREAU,,,,,,,,1,,,,,,,,,,,0,0,1,0,0,1,,,0,2,,,0,0,,2004-02-12 13:38:47,2004-03-11 14:03:49,SCHILS,,,1,ADM,1,NFIN,1,NFIN,,,,SCHILS,2008-05-19 16:34:46,M,,,0,0
708050,0,TIMBRES,,,,,,,,1,,,,,,,,,,,0,0,1,0,0,0,,,0,,,,0,0,,2004-02-12 13:38:54,2004-02-12 13:39:02,SCHILS,,,1,ADM,1,DEBOUR,1,NFIN,,,,SCHILS,2008-05-19 16:34:46,M,,,0,0
708060,0,COPIES,,,,,,,,1,,,,,,,,,,,0,0,1,0,0,0,,,0,,,,0,0,,2004-02-12 13:39:02,2004-02-12 13:39:08,SCHILS,,,1,ADM,1,DEBOUR,1,NFIN,,,,SCHILS,2008-05-19 16:34:46,M,,,0,0
708500,0,DEPLACEMENT RBT,,,,,,,C,1,,,,,,,,,,,0,0,0,0,0,0,,,0,,INCOME,,0,0,,2004-03-04 16:59:06,2004-03-04 17:01:39,SCHILS,,,1,,1,DEBOUR,1,NFIN,,,,SCHILS,2008-05-19 16:34:46,M,,,0,0
708600,0,FRAIS DE PORT,,,,,,,C,1,,,,,,,,,,,0,0,0,0,0,1,,,0,2,,,0,0,,2004-03-05 10:42:37,2004-03-05 10:42:45,SCHILS,,,1,,1,DEBOUR,1,NFIN,,,,SCHILS,2008-05-19 16:34:46,M,,,0,0
708700,0,RBT CATERING,,,,,,,,1,,,,,,,,,,,0,0,0,0,0,1,,,0,1,INCOME,,0,0,,,,,,,1,,1,DEBOUR,1,NFIN,,SCHILS,2004-07-27 14:10:22,SCHILS,2008-05-19 16:34:46,A,000,,0,0
708800,0,RECETTES DIVERSES,,,,,,,,1,,,,,,,,,,,0,0,0,0,0,1,,,0,9,INCOME,,0,0,,,,,,,1,,1,,1,NFIN,,SCHILS,2004-07-28 12:24:58,SCHILS,2008-05-19 16:34:46,A,000,,0,0
709000,0,COMMISSIONS/SPONSORINGS,,,,,,,,1,,,,,,,,,,,0,0,0,0,0,1,,,0,16,INCOME,,0,0,,,,,,,1,,1,,1,,,SCHILS,2005-12-16 10:00:59,SCHILS,2008-05-19 16:34:46,A,000,,0,0
71,1,VARIATION DE STOCKS,,,,,,,,0,,,,,,,,,,,0,0,1,0,0,0,,,0,,INCOME,,0,0,,1998-12-26 14:06:24,1998-12-26 14:06:24,NEURAY,,,0,,0,,0,,,,,SCHILS,2007-03-02 10:26:01,M,,,0,0
72,1,PRODUCTION IMMOBILISEE,,,,,,,,0,,,,,,,,,,,0,0,1,0,0,0,,,0,,INCOME,,0,0,,1998-12-26 14:06:24,1998-12-26 14:06:24,NEURAY,,,0,,0,,0,,,,,SCHILS,2007-03-02 10:26:01,M,,,0,0
74,1,AUTRES PRODUITS D'EXPLOITATION,,,,,,,,0,,,,,,,,,,,0,0,1,0,0,0,,,0,,INCOME,,0,0,,1998-12-26 14:06:24,1998-12-26 14:06:24,NEURAY,,,0,,0,,0,,,,,SCHILS,2007-03-02 10:26:01,M,,,0,0
740021,0,SPONSORS MANIFESTATIONS PROJETS,,,,,,,,1,,,,,,,,,,,0,0,0,0,0,1,,,0,49,,,0,0,,2004-02-12 13:39:21,2004-02-12 13:39:35,SCHILS,,,1,,1,,1,,,,,SCHILS,2008-05-19 16:34:46,M,,,0,0
740022,0,SPONSORING RECONVERST. IND. v 740021,,,,,,,,1,,,,,,,,,,,0,0,1,0,0,1,,,0,2,,,0,0,,2004-03-11 10:35:41,2004-06-16 10:19:56,SCHILS,,,1,,1,,1,,,,,SCHILS,2008-05-19 16:34:46,M,,,0,0
740200,0,FEDER,,,,,,,,1,,,,,,,,,,,0,0,0,0,0,1,,,0,4,INCOME,,0,0,,,,,,,1,,1,,1,,,SCHILS,2004-08-26 15:21:52,SCHILS,2008-05-19 16:34:46,A,000,,0,0
740210,0,123 GO,,,,,,,,1,,,,,,,,,,,0,0,0,0,0,1,,,0,3,INCOME,,0,0,,,,,,,1,GECCI,1,NFIN,1,NFIN,,SCHILS,2004-09-09 11:34:02,SCHILS,2008-05-19 16:34:46,A,000,,0,0
740220,0,PLATO 2004/2005,,,,,,,,1,,,,,,,,,,,0,0,0,0,0,1,,,0,6,INCOME,,0,0,,,,,,,1,FORMAT,1,PLATO,1,NFIN,,SCHILS,2004-08-26 15:22:07,SCHILS,2008-05-19 16:34:46,A,000,,0,0
740230,0,EUREGIO,,,,,,,,1,,,,,,,,,,,0,0,0,0,0,1,,,0,3,INCOME,,0,0,,,,,,,1,RI,1,NFIN,1,IREG,,SCHILS,2004-08-26 15:22:21,SCHILS,2008-05-19 16:34:46,A,000,,0,0
740240,0,SIE,,,,,,,,1,,,,,,,,,,,0,0,0,0,0,1,,,0,2,INCOME,,0,0,,,,,,,1,RI,1,NFIN,1,SIE,,SCHILS,2004-08-26 15:22:27,SCHILS,2008-05-19 16:34:46,A,000,,0,0
740242,0,SWAP,,,,,,,,1,,,,,,,,,,,0,0,1,0,0,1,,,0,2,,,0,0,,,,,,,1,RI,1,SWAP,1,NFIN,,SCHILS,2004-08-30 18:11:42,SCHILS,2008-05-19 16:34:46,A,000,,0,0
740900,0,SUBVENTION FORET,,,,,,,,1,,,,,,,,,,,0,0,0,0,0,1,,,0,4,,,0,0,,,,,,,1,ENVIRO,1,NFIN,1,FORET,,NEURAY,2004-11-26 09:27:08,SCHILS,2008-05-19 16:34:46,A,000,,0,0
740910,0,SUBVENTION ENERGY POOLING (DARRAS),,,,,,,,1,,,,,,,,,,,0,0,0,0,0,1,,,0,3,INCOME,,0,0,,,,,,,1,ENVIRO,1,NFIN,1,ENERGY,,NEURAY,2004-11-26 10:04:20,SCHILS,2008-05-19 16:34:46,A,000,,0,0
743000,0,RECUPERATON SINISTRES VOITURES,,,,,,,,1,,,,,,,,,,,0,0,0,0,0,0,,,0,,,,0,0,,2004-02-12 13:39:48,2004-02-12 13:39:57,SCHILS,,,1,,1,NFIN,1,NFIN,,,,SCHILS,2008-05-19 16:34:46,M,,,0,0
743100,0,RECUPERATION AUTRES SINISTRES,,,,,,,,1,,,,,,,,,,,0,0,0,0,0,0,,,0,,,,0,0,,2004-02-12 13:39:57,2004-02-12 13:40:09,SCHILS,,,1,,1,NFIN,1,NFIN,,,,SCHILS,2008-05-19 16:34:46,M,,,0,0
743400,0,Dispense PP marchand,,,,,,,,1,,,,,,,,,,,0,0,0,0,0,0,,,0,1,INCOME,,0,0,,,,,,,1,,1,,1,,,SCHILS,2008-02-08 09:53:49,SCHILS,2008-05-19 16:34:46,A,000,,0,0
744000,0,AMENDES,,,,,DEFAULT,,,1,,,,,,,,,,,0,0,0,0,0,0,,,0,,,,0,0,,2004-02-20 11:44:54,2004-02-20 11:44:58,SCHILS,,,1,,1,NFIN,1,NFIN,,,,SCHILS,2008-05-19 16:34:46,M,,,0,0
748000,0,Réalisation immobilisé (vente immob),,,,,,,,1,,,,,,,,,,,0,0,0,0,0,0,,,0,1,INCOME,,0,0,,,,,,,1,,1,,1,,,SCHILS,2007-02-19 16:33:16,SCHILS,2008-05-19 16:34:46,A,000,,0,0
75,1,PROD. DES IMMOB. FINANCIERES,,,,,,,,0,,,,,,,,,,,0,0,1,0,0,0,,,0,,INCOME,,0,0,,1998-12-26 14:06:24,1998-12-26 14:06:24,NEURAY,,,0,,0,,0,,,,,SCHILS,2007-03-02 10:26:01,M,,,0,0
750100,0,Intérêts,,,,,,,,1,,,,,,,,,,,0,0,0,0,0,1,,,0,,,,0,0,,2004-04-19 12:01:43,2004-04-19 12:02:00,SCHILS,,,1,ADM,1,NFIN,1,NFIN,,,,SCHILS,2008-05-19 16:34:46,M,,,0,0
753000,0,DIFFERENCES DE PAIEMENT (+),,,,,DEFAULT,,,1,,,,,,,,,,,0,0,0,0,0,0,,,0,,,,0,0,,2004-02-12 13:40:30,2004-02-20 11:47:19,SCHILS,,,1,ADM,1,NFIN,1,NFIN,,,,SCHILS,2008-05-19 16:34:46,M,,,0,0
754000,0,DIFFERENCES DE CHANGE (+,,,,,DEFAULT,,,1,,,,,,,,,,,0,0,0,0,0,0,,,0,,,,0,0,,2004-02-12 13:40:37,2004-02-20 11:48:34,SCHILS,,,1,ADM,1,NFIN,1,NFIN,,,,SCHILS,2008-05-19 16:34:46,M,,,0,0
755000,0,INTERETS DE RETARD (+),,,,,DEFAULT,,,1,,,,,,,,,,,0,0,0,0,0,0,,,0,,,,0,0,,2004-02-20 11:45:19,2004-02-20 11:48:11,SCHILS,,,1,ADM,1,NFIN,1,NFIN,,,,SCHILS,2008-05-19 16:34:46,M,,,0,0
757000,0,ESCOMPTES (+),,,,,DEFAULT,,,1,,,,,,,,,,,0,0,0,0,0,1,,,0,,,,0,0,,2004-02-12 13:40:49,2004-02-20 11:48:37,SCHILS,,,1,ADM,1,NFIN,1,NFIN,,,,SCHILS,2008-05-19 16:34:46,M,,,0,0
76,1,PRODUITS EXCEPTIONNELS,,,,,,,,0,,,,,,,,,,,0,0,1,0,0,0,,,0,,,,0,0,,2004-02-12 13:41:14,2004-02-12 13:41:24,SCHILS,,,0,,0,,0,,,,,SCHILS,2007-03-02 10:26:01,M,,,0,0
760000,0,PRODUITS EXCEPTIONNELES,,,,,,,,1,,,,,,,,,,,0,0,0,0,0,1,,,0,6,,,0,0,,2004-02-12 13:41:24,2004-02-12 13:41:32,SCHILS,,,1,,1,,1,,,,,SCHILS,2008-05-19 16:34:46,M,,,0,0
763000,0,Plus value réalisation immobilisés,,,,,,,,1,,,,,,,,,,,0,0,0,0,0,1,,,0,2,INCOME,,0,0,,,,,,,1,,1,,1,,,SCHILS,2007-01-30 11:25:25,SCHILS,2008-05-19 16:34:46,A,000,,0,0
765000,0,PRODUITS EXERCICES ANTERIEURS,,,,,,,,1,,,,,,,,,,,0,0,0,0,0,1,,,0,2,,,0,0,,2004-02-12 13:41:32,2004-02-12 13:41:46,SCHILS,,,1,,1,,1,,,,,SCHILS,2008-05-19 16:34:46,M,,,0,0
766000,0,Autres Pdts exceptionnels,,,,,,,,1,,,,,,,,,,,0,0,0,0,0,1,,,0,,,,0,0,,2004-02-12 13:41:46,2004-02-12 13:41:57,SCHILS,,,1,,1,,1,,,,,SCHILS,2008-05-19 16:34:46,M,,,0,0
77,1,REPRISE PROVISIONS,,,,,,,,0,,,,,,,,,,,0,0,1,0,0,0,,,0,,,,0,0,,2004-02-12 13:42:07,2004-02-12 13:42:16,SCHILS,,,0,,0,,0,,,,,SCHILS,2007-03-02 10:26:01,M,,,0,0
770000,0,REPRISES DE PROVISIONS,,,,,,,,0,,,,,,,,,,,0,0,0,0,0,0,,,0,,,,0,0,,2004-02-12 13:42:16,2004-02-12 13:42:29,SCHILS,,,0,,0,,0,,,,,SCHILS,2007-03-02 10:26:01,M,,,0,0
79,1,AFFECTATION AUX RESULTATS,,,,,,,,0,,,,,,,,,,,0,0,1,0,0,0,,,0,,INCOME,,0,0,,1998-12-26 14:06:24,1998-12-26 14:06:24,NEURAY,,,0,,0,,0,,,,,SCHILS,2007-03-02 10:26:01,M,,,0,0
90,1,COMPTE D'ATTENTE,,,,,,,,0,,,,,,,,,,,0,0,1,0,0,0,,,0,,,,0,0,,2004-02-12 13:43:26,2004-02-12 13:43:34,SCHILS,,,0,,0,,0,,,,,SCHILS,2007-03-02 10:26:01,M,,,0,0
999999,0,COMPTE D'ATTENTE ORDINATEUR,,,,,,,,0,,,,,,,,,,,0,0,0,0,0,0,,,0,,,,0,0,,2004-02-12 13:43:34,2004-02-12 13:43:48,SCHILS,,,0,,0,,0,,,,,SCHILS,2007-03-02 10:26:01,M,,,0,0
